/*
SQLyog Enterprise - MySQL GUI v7.12 
MySQL - 5.1.41 : Database - reward
*********************************************************************
*/

/*!40101 SET NAMES utf8 */;

/*!40101 SET SQL_MODE=''*/;

/*!40014 SET @OLD_FOREIGN_KEY_CHECKS=@@FOREIGN_KEY_CHECKS, FOREIGN_KEY_CHECKS=0 */;
/*!40101 SET @OLD_SQL_MODE=@@SQL_MODE, SQL_MODE='NO_AUTO_VALUE_ON_ZERO' */;

CREATE DATABASE /*!32312 IF NOT EXISTS*/`reward` /*!40100 DEFAULT CHARACTER SET latin1 */;

USE `reward`;

/*Table structure for table `bagian` */

DROP TABLE IF EXISTS `bagian`;

CREATE TABLE `bagian` (
  `Kd_Bagian` varchar(20) NOT NULL,
  `Nm_Bagian` varchar(100) DEFAULT NULL,
  `Keterangan` varchar(100) DEFAULT NULL,
  `CreatedBy` varchar(100) DEFAULT NULL,
  `CreatedDate` date DEFAULT NULL,
  `CreatedOn` varchar(100) DEFAULT NULL,
  `UpdatedBy` varchar(100) DEFAULT NULL,
  `UpdatedDate` date DEFAULT NULL,
  `UpdatedOn` varchar(100) DEFAULT NULL
) ENGINE=MyISAM DEFAULT CHARSET=latin1;

/*Data for the table `bagian` */

insert  into `bagian`(`Kd_Bagian`,`Nm_Bagian`,`Keterangan`,`CreatedBy`,`CreatedDate`,`CreatedOn`,`UpdatedBy`,`UpdatedDate`,`UpdatedOn`) values ('FINISHING1','FINISHING1',NULL,'lastri',NULL,'192.168.26.205','lastri',NULL,'192.168.26.205'),('CONVERTING1','CONVERTING1','CONVERTING1','lastri',NULL,'192.168.26.205','lastri',NULL,'192.168.26.205'),('RAJANG','RAJANG',NULL,'hrholo2',NULL,'192.168.17.39','hrholo2',NULL,'192.168.17.39'),('OUT KOP-2','OUT KOP-2',NULL,'hrholo2',NULL,'192.168.17.22','hrholo2',NULL,'192.168.17.22'),('OUT CAKAP-2','OUT CAKAP-2',NULL,'hrholo2',NULL,'192.168.17.22','hrholo2',NULL,'192.168.17.22'),('EMBOSS1','EMBOSS1',NULL,'lastri',NULL,'192.168.26.205','lastri',NULL,'192.168.26.205'),('GUDANG1','GUDANG1',NULL,'lastri',NULL,'192.168.26.205','lastri',NULL,'192.168.26.205'),('IS1','IS1','-','lastri',NULL,'192.168.26.205','lastri',NULL,'192.168.26.205'),('TEKNISI1','TEKNISI1',NULL,'lastri',NULL,'192.168.26.205','lastri',NULL,'192.168.26.205'),('CONVERTING SP-2','CONVERTING SP-2','-','lastri',NULL,'192.168.17.53','lastri',NULL,'192.168.17.53'),('PENGEMBANGAN I','PENGEMBANGAN I-','-','lastri',NULL,'192.168.17.53','lastri',NULL,'192.168.17.53'),('HR SP-2','HR SP-2','-','lastri',NULL,'192.168.17.53','lastri',NULL,'192.168.17.53'),('EMBOSS SP-2','EMBOSS SP-2','-','lastri',NULL,'192.168.17.53','lastri',NULL,'192.168.17.53'),('PRODUKSI SP-1','PRODUKSI SP-1','-','lastri',NULL,'192.168.17.53','lastri',NULL,'192.168.17.53'),('SATPAM SP-2','SATPAM SP-2','-','lastri',NULL,'192.168.17.53','lastri',NULL,'192.168.17.53'),('PRODUKSI1','PRODUKSI1',NULL,'lastri',NULL,'192.168.26.205','lastri',NULL,'192.168.26.205'),('HRI','HRI','HRI','andy',NULL,'10.0.2.15','andy',NULL,'10.0.2.15'),('OUTSOURCING -KOP','OUT KOP-1',NULL,'lastri',NULL,'192.168.26.205','lastri',NULL,'192.168.26.205'),('KIRIMAN1','KIRIMAN1',NULL,'lastri',NULL,'192.168.26.205','lastri',NULL,'192.168.26.205'),('PENGEMBANGAN1','PENGEMBANGAN1',NULL,'lastri',NULL,'192.168.26.205','lastri',NULL,'192.168.26.205'),('QC1','QC1',NULL,'lastri',NULL,'192.168.26.205','lastri',NULL,'192.168.26.205'),('SATPAM1','SATPAM1',NULL,'lastri',NULL,'192.168.26.205','lastri',NULL,'192.168.26.205'),('STUDIO1','STUDIO1',NULL,'lastri',NULL,'192.168.26.205','lastri',NULL,'192.168.26.205'),('IS SP-2','IS SP-2','-','hrholo2',NULL,'192.168.17.22','hrholo2',NULL,'192.168.17.22'),('OUT-CAKAP -1','OUT-CAKAP -1',NULL,'lastri',NULL,'192.168.26.205','andy',NULL,'10.0.2.15'),('CETAK','CETAK','-','andy',NULL,'192.168.17.39','andy',NULL,'192.168.17.39'),('CONVERTING','CONVERTING','-','andy',NULL,'192.168.17.39','andy',NULL,'10.0.2.15'),('OUT CAKAP -2','OUT CAKAP -2',NULL,'hrholo2',NULL,'192.168.17.22','hrholo2',NULL,'192.168.17.22'),('FINISHING ','FINISHING ','-','andy',NULL,'192.168.17.39','andy',NULL,'192.168.17.39'),('GUDANG','GUDANG','-','andy',NULL,'192.168.17.39','andy',NULL,'10.0.2.15'),('ISI','ISI','-','andy',NULL,'192.168.17.39','andy',NULL,'10.0.2.15'),('KIRIMAN','KIRIMAN','-','andy',NULL,'192.168.17.39','andy',NULL,'10.0.2.15'),('KAL-2','KALKULASI-2','KALKULASI-2','andy',NULL,'fe80::2c78:65a8:66ba:d736%12','andy',NULL,'fe80::2c78:65a8:66ba:d736%12'),('PONZ','PONZ','-','andy',NULL,'192.168.17.39','andy',NULL,'192.168.17.39'),('PRODUKSI','PRODUKSI','-','andy',NULL,'192.168.17.39','andy',NULL,'192.168.17.39'),('QC','QC','-','andy',NULL,'192.168.17.39','andy',NULL,'10.0.2.15'),('SATPAM','SATPAM','-','andy',NULL,'192.168.17.39','andy',NULL,'10.0.2.15'),('SLITER','SLITER','-','andy',NULL,'192.168.17.39','andy',NULL,'192.168.17.39'),('STUDIO','STUDIO','-','andy',NULL,'192.168.17.39','andy',NULL,'10.0.2.15'),('TEKNISI','TEKNISI','-','andy',NULL,'192.168.17.39','andy',NULL,'192.168.17.39'),('UMUM','UMUM','-','andy',NULL,'192.168.17.39','andy',NULL,'10.0.2.15'),('COST CONTROL','COST CONTROL','-','andy',NULL,'192.168.17.39','andy',NULL,'192.168.17.39'),('EMBOSS','EMBOSS','-','andy',NULL,'192.168.17.39','lastri',NULL,'192.168.17.53'),('FINISHING SP-2','FINISHING SP-2','-','andy',NULL,'192.168.17.39','andy',NULL,'192.168.17.39'),('FINISH-PL','FINISH-PL','-','andy',NULL,'192.168.17.39','andy',NULL,'192.168.17.39'),('FINISH-SC','FINISH-SC','-','andy',NULL,'192.168.17.39','andy',NULL,'192.168.17.39'),('GALVANIK','GALVANIK','-','andy',NULL,'192.168.17.39','andy',NULL,'192.168.17.39'),('GUDANG SP-2','GUDANG SP-2','-','andy',NULL,'192.168.17.39','andy',NULL,'192.168.17.39'),('IS','IS','-','andy',NULL,'192.168.17.39','andy',NULL,'192.168.17.39'),('IT','IT','-','andy',NULL,'192.168.17.39','andy',NULL,'192.168.17.39'),('KALKULASI','KALKULASI','-','andy',NULL,'192.168.17.39','andy',NULL,'192.168.17.39'),('KIRIMAN SP-2','KIRIMAN SP-2','-','andy',NULL,'192.168.17.39','andy',NULL,'192.168.17.39'),('PEMBELIAN','PEMBELIAN','-','andy',NULL,'192.168.17.39','andy',NULL,'192.168.17.39'),('PENGEMBANGAN','PENGEMBANGAN II','-','andy',NULL,'192.168.17.39','lastri',NULL,'192.168.17.53'),('PRODUKSI SP-2','PRODUKSI SP-2','-','andy',NULL,'192.168.17.39','andy',NULL,'192.168.17.39'),('QC-2','QC-2','-','andy',NULL,'192.168.17.39','andy',NULL,'192.168.17.39'),('SLITTER SP-2','SLITTER SP-2','-','andy',NULL,'192.168.17.39','andy',NULL,'192.168.17.39'),('STAMPING SP-2','STAMPING SP-2','-','andy',NULL,'192.168.17.39','andy',NULL,'192.168.17.39'),('TEKNISI SP-2','TEKNISI SP-2','-','andy',NULL,'192.168.17.39','andy',NULL,'192.168.17.39'),('UMUM-2','UMUM-2','-','andy',NULL,'192.168.17.39','andy',NULL,'192.168.17.39'),('OUT-CAKAP -2','OUT-CAKAP -2',NULL,'andy',NULL,'10.0.2.15','andy',NULL,'10.0.2.15'),('RAJANG FIN','RAJANG FIN',NULL,'hrholo2',NULL,'192.168.17.39','hrholo2',NULL,'192.168.17.39'),('SYSTEM','SYSTEM','-','hrholo2',NULL,'192.168.17.39','hrholo2',NULL,'192.168.17.39');

/*Table structure for table `credential` */

DROP TABLE IF EXISTS `credential`;

CREATE TABLE `credential` (
  `id_akses` int(11) NOT NULL AUTO_INCREMENT,
  `hak_akses` enum('SISTEM','HR/IS','KABAG','SEKRETARIAT','PLANT MANAGER','SUPER ADMIN','REWARD') DEFAULT NULL,
  `username` varchar(50) DEFAULT NULL,
  `password` varchar(50) DEFAULT NULL,
  `last_login` date DEFAULT NULL,
  PRIMARY KEY (`id_akses`)
) ENGINE=MyISAM AUTO_INCREMENT=10 DEFAULT CHARSET=latin1;

/*Data for the table `credential` */

insert  into `credential`(`id_akses`,`hak_akses`,`username`,`password`,`last_login`) values (1,'SUPER ADMIN','it_programmer','eb852354a3ca6b470c35c6f2cb9b8f81',NULL),(9,'KABAG','hbb','3fc0a7acf087f549ac2b266baf94b8b1',NULL),(4,'REWARD','admin_reward','bc13f48cb06c6d0f009f7a6768705474',NULL);

/*Table structure for table `jabatan` */

DROP TABLE IF EXISTS `jabatan`;

CREATE TABLE `jabatan` (
  `Kd_Jabatan` varchar(20) NOT NULL,
  `Nm_Jabatan` varchar(100) DEFAULT NULL,
  `Keterangan` varchar(100) DEFAULT NULL,
  `CreatedBy` varchar(100) DEFAULT NULL,
  `CreatedDate` date DEFAULT NULL,
  `CreatedOn` varchar(100) DEFAULT NULL,
  `UpdatedBy` varchar(100) DEFAULT NULL,
  `UpdatedDate` date DEFAULT NULL,
  `UpdatedOn` varchar(100) DEFAULT NULL,
  `level_jabatan` enum('1','2','3','4','5','6','7','8','9','10') DEFAULT NULL
) ENGINE=MyISAM DEFAULT CHARSET=latin1;

/*Data for the table `jabatan` */

insert  into `jabatan`(`Kd_Jabatan`,`Nm_Jabatan`,`Keterangan`,`CreatedBy`,`CreatedDate`,`CreatedOn`,`UpdatedBy`,`UpdatedDate`,`UpdatedOn`,`level_jabatan`) values ('JBT001','WAKIL PLANT MANAGER',NULL,NULL,NULL,NULL,NULL,NULL,NULL,'1'),('JBT002','MANAGER',NULL,NULL,NULL,NULL,NULL,NULL,NULL,'2'),('JBT003','KABAG',NULL,NULL,NULL,NULL,NULL,NULL,NULL,'3'),('JBT004','WAKABAG',NULL,NULL,NULL,NULL,NULL,NULL,NULL,'4'),('JBT005','INSPECTOR',NULL,NULL,NULL,NULL,NULL,NULL,NULL,'5'),('JBT006','KABID',NULL,NULL,NULL,NULL,NULL,NULL,NULL,'6'),('JBT007','WAKABID',NULL,NULL,NULL,NULL,NULL,NULL,NULL,'7'),('JBT008','PENGAWAS',NULL,NULL,NULL,NULL,NULL,NULL,NULL,'8'),('JBT009','OPERATOR',NULL,NULL,NULL,NULL,NULL,NULL,NULL,'9'),('',NULL,NULL,NULL,NULL,NULL,NULL,NULL,NULL,NULL);

/*Table structure for table `karyawan` */

DROP TABLE IF EXISTS `karyawan`;

CREATE TABLE `karyawan` (
  `NIK` varchar(20) NOT NULL,
  `EnrollID` int(11) DEFAULT NULL,
  `NoOS` varchar(20) DEFAULT NULL,
  `NoKTP` varchar(20) DEFAULT NULL,
  `Nm_Karyawan` varchar(100) DEFAULT NULL,
  `Sex` int(11) DEFAULT NULL,
  `TmpLahir` varchar(20) DEFAULT NULL,
  `TglLahir` datetime DEFAULT NULL,
  `GolDarah` int(11) DEFAULT NULL,
  `Kd_Marital` varchar(20) DEFAULT NULL,
  `JmlAnak` decimal(5,0) DEFAULT NULL,
  `Agama` int(11) DEFAULT NULL,
  `Kd_Pendidikan` varchar(20) DEFAULT NULL,
  `Jurusan` varchar(50) DEFAULT NULL,
  `NoAstek` varchar(100) DEFAULT NULL,
  `NPWP` varchar(100) DEFAULT NULL,
  `Alamat` varchar(100) DEFAULT NULL,
  `Kota` varchar(100) DEFAULT NULL,
  `NoTelp` varchar(50) DEFAULT NULL,
  `NoHP` varchar(50) DEFAULT NULL,
  `Email` varchar(50) DEFAULT NULL,
  `Kd_AgenTK` varchar(20) DEFAULT NULL,
  `Kd_Unit` varchar(20) DEFAULT NULL,
  `Kd_Jabatan` varchar(20) DEFAULT NULL,
  `Kd_Bagian` varchar(20) DEFAULT NULL,
  `Kd_Status` varchar(20) DEFAULT NULL,
  `Kd_Bank` varchar(20) DEFAULT NULL,
  `NoRek` varchar(20) DEFAULT NULL,
  `TglMasuk` datetime DEFAULT NULL,
  `TglKeluar` datetime DEFAULT NULL,
  `Picture` blob,
  `IsActive` decimal(1,0) DEFAULT NULL,
  `CreatedBy` varchar(100) DEFAULT NULL,
  `Createddatetime` datetime DEFAULT NULL,
  `CreatedOn` varchar(100) DEFAULT NULL,
  `UpdatetimedBy` varchar(100) DEFAULT NULL,
  `Updatetimeddatetime` datetime DEFAULT NULL,
  `UpdatetimedOn` varchar(100) DEFAULT NULL,
  `Keterangan` varchar(100) DEFAULT NULL,
  `TglPenetapan` datetime DEFAULT NULL,
  `JenjangPendidikan` int(11) DEFAULT NULL,
  `Kd_Keuangan` varchar(20) DEFAULT NULL,
  `JenisKelamin` int(11) DEFAULT NULL,
  `StatusPernikahan` int(11) DEFAULT NULL,
  `id_akses` varchar(25) DEFAULT NULL
) ENGINE=MyISAM DEFAULT CHARSET=latin1;

/*Data for the table `karyawan` */

insert  into `karyawan`(`NIK`,`EnrollID`,`NoOS`,`NoKTP`,`Nm_Karyawan`,`Sex`,`TmpLahir`,`TglLahir`,`GolDarah`,`Kd_Marital`,`JmlAnak`,`Agama`,`Kd_Pendidikan`,`Jurusan`,`NoAstek`,`NPWP`,`Alamat`,`Kota`,`NoTelp`,`NoHP`,`Email`,`Kd_AgenTK`,`Kd_Unit`,`Kd_Jabatan`,`Kd_Bagian`,`Kd_Status`,`Kd_Bank`,`NoRek`,`TglMasuk`,`TglKeluar`,`Picture`,`IsActive`,`CreatedBy`,`Createddatetime`,`CreatedOn`,`UpdatetimedBy`,`Updatetimeddatetime`,`UpdatetimedOn`,`Keterangan`,`TglPenetapan`,`JenjangPendidikan`,`Kd_Keuangan`,`JenisKelamin`,`StatusPernikahan`,`id_akses`) values ('07854',7854,NULL,'3319054101700005','SHOFIAH',0,'KUDUS',NULL,0,NULL,'0',0,NULL,NULL,NULL,NULL,'-','KUDUS',NULL,NULL,NULL,NULL,'HOLO',NULL,'FINISHING SP-2','BL','MNDR','1350007040304',NULL,NULL,NULL,'1','andy',NULL,'192.168.17.39','andy',NULL,'fe80::2c78:65a8:66ba:d736%12',NULL,NULL,0,NULL,1,0,NULL),('08213',8213,NULL,'3319055502670001','SUGIANAH',0,'KUDUS',NULL,0,NULL,'0',0,NULL,NULL,NULL,NULL,'DK KARANG MALANG','KUDUS',NULL,NULL,NULL,NULL,'HOLO',NULL,'FINISHING SP-2','BL','MNDR','1350007041138',NULL,NULL,NULL,'1','andy',NULL,'192.168.17.39','andy',NULL,'fe80::2c78:65a8:66ba:d736%12',NULL,NULL,0,NULL,1,2,NULL),('09421',9421,NULL,'3319034101680007','SULAMI',0,'KUDUS',NULL,0,NULL,'0',0,NULL,NULL,NULL,NULL,'R AGIL KUSUMADYA','KUDUS',NULL,NULL,NULL,NULL,'HOLO',NULL,'FINISHING SP-2','BL','MNDR','1350007511254',NULL,NULL,NULL,'1','andy',NULL,'192.168.17.39','andy',NULL,'fe80::2c78:65a8:66ba:d736%12',NULL,NULL,0,NULL,1,0,NULL),('19106',19106,NULL,NULL,'SUMINI',0,NULL,NULL,0,NULL,'0',0,NULL,NULL,NULL,NULL,NULL,NULL,NULL,NULL,NULL,NULL,'HOLO',NULL,'FINISHING \nSP-2','KT','MNDR','1350007552787',NULL,NULL,NULL,'0','andy',NULL,'192.168.17.39','hrholo2',NULL,'192.168.17.39',NULL,NULL,NULL,NULL,NULL,NULL,NULL),('09108',9108,NULL,'3319034209690001','TRI RIYANTI',0,'KUDUS',NULL,0,NULL,'0',0,NULL,NULL,NULL,NULL,'-','KUDUS',NULL,NULL,NULL,NULL,'HOLO',NULL,'FINISHING SP-2','BL','MNDR','1350007511239',NULL,NULL,NULL,'1','andy',NULL,'192.168.17.39','andy',NULL,'fe80::2c78:65a8:66ba:d736%12',NULL,NULL,0,NULL,1,0,NULL),('09688',9688,NULL,NULL,'TRI YULIATI',0,NULL,NULL,0,NULL,'0',0,NULL,NULL,NULL,NULL,NULL,NULL,NULL,NULL,NULL,NULL,'HOLO',NULL,'FINISHING SP-2','KT','MNDR','1350007553058',NULL,NULL,NULL,'0','andy',NULL,'192.168.17.39','hrholo2',NULL,'192.168.17.39',NULL,NULL,NULL,NULL,NULL,NULL,NULL),('09418',9418,NULL,NULL,'ZUBAEDAH',0,NULL,NULL,0,NULL,'0',0,NULL,NULL,NULL,NULL,NULL,NULL,NULL,NULL,NULL,NULL,'HOLO',NULL,'FINISHING \nSP-2','KT','MNDR','1350007552753',NULL,NULL,NULL,'0','andy',NULL,'192.168.17.39','hrholo2',NULL,'192.168.17.39',NULL,NULL,NULL,NULL,NULL,NULL,NULL),('09972',9972,NULL,NULL,'ZUNI SISWATI',1,NULL,NULL,0,NULL,'0',0,NULL,NULL,NULL,NULL,NULL,NULL,NULL,NULL,NULL,NULL,'HOLO',NULL,'OUT \nKOP-2','OS','MNDR','1350007511379',NULL,NULL,NULL,'0','andy',NULL,'192.168.17.39','hrholo2',NULL,'192.168.17.39',NULL,NULL,0,NULL,NULL,NULL,NULL),('08214',8214,NULL,'3319021609730002','HARIYANTO',0,'KUDUS',NULL,0,NULL,'0',0,NULL,NULL,NULL,NULL,'-','KUDUS',NULL,NULL,NULL,NULL,'HOLO',NULL,'FINISH-PL','BL','MNDR','1350007511221',NULL,NULL,NULL,'1','andy',NULL,'192.168.17.39','andy',NULL,'fe80::2c78:65a8:66ba:d736%12',NULL,NULL,0,NULL,0,0,NULL),('02988',2988,NULL,'3319031505690002','KUSNAN',0,'KUDUS',NULL,0,NULL,'0',0,NULL,NULL,NULL,NULL,'-','KUDUS',NULL,NULL,NULL,NULL,'HOLO',NULL,'FINISH-PL','BL','MNDR','1350007511197',NULL,NULL,NULL,'1','andy',NULL,'192.168.17.39','andy',NULL,'fe80::2c78:65a8:66ba:d736%12',NULL,NULL,0,NULL,0,0,NULL),('06801',6801,NULL,'3319060412730001','NASIKIN',0,'KUDUS',NULL,0,NULL,'0',0,NULL,NULL,NULL,NULL,'-','KUDUS',NULL,NULL,NULL,NULL,'HOLO',NULL,'FINISH-PL','BL','MNDR','1350007028622',NULL,NULL,NULL,'1','andy',NULL,'192.168.17.39','andy',NULL,'fe80::2c78:65a8:66ba:d736%12',NULL,NULL,0,NULL,0,0,NULL),('03869',3869,NULL,'3319032505680006','SUKARDI',0,'KUDUS',NULL,0,NULL,'0',0,NULL,NULL,NULL,NULL,'-','KUDUS',NULL,NULL,NULL,NULL,'HOLO',NULL,'FINISH-PL','BL','MNDR','1350007511189',NULL,NULL,NULL,'1','andy',NULL,'192.168.17.39','andy',NULL,'fe80::2c78:65a8:66ba:d736%12',NULL,NULL,0,NULL,0,0,NULL),('00350',350,NULL,'3319050509630001','MASRIKAN',0,'KUDUS',NULL,0,NULL,'0',0,NULL,NULL,NULL,NULL,'MEJOBO','KUDUS',NULL,NULL,NULL,NULL,'HOLO',NULL,'FINISH-SC','BL','MNDR','1350007511213',NULL,NULL,NULL,'1','andy',NULL,'192.168.17.39','andy',NULL,'fe80::2c78:65a8:66ba:d736%12',NULL,NULL,0,NULL,0,0,NULL),('06170',6170,NULL,'3319022211670002','JUMADI MASRIPAN',0,'DEMAK',NULL,0,NULL,'0',0,NULL,NULL,NULL,NULL,'KYAI TELINGSING','KUDUS',NULL,NULL,NULL,NULL,'HOLO',NULL,'FINISH-SC','BL','MNDR','1350007511163',NULL,NULL,NULL,'1','andy',NULL,'192.168.17.39','andy',NULL,'fe80::2c78:65a8:66ba:d736%12',NULL,NULL,0,NULL,0,0,NULL),('00308',308,NULL,'3319031108650002','MASUDI',0,'KUDUS',NULL,0,NULL,'0',0,NULL,NULL,NULL,NULL,'AKBP R AGIL KUSUMADYA','KUDUS',NULL,NULL,NULL,NULL,'HOLO',NULL,'FINISH-SC','BL','MNDR','1350007511171',NULL,NULL,NULL,'1','andy',NULL,'192.168.17.39','andy',NULL,'fe80::2c78:65a8:66ba:d736%12',NULL,NULL,0,NULL,0,0,NULL),('02355',2355,NULL,NULL,'NOOR SALIM',0,NULL,NULL,0,NULL,'0',0,NULL,NULL,NULL,NULL,NULL,NULL,NULL,NULL,NULL,NULL,'HOLO',NULL,'FINISH-SC','BL','MNDR','1350007509563',NULL,NULL,NULL,'0','andy',NULL,'192.168.17.39','hrholo2',NULL,'192.168.17.39',NULL,NULL,0,NULL,NULL,NULL,NULL),('00378',378,NULL,NULL,'ROMY SUYANTO',0,NULL,NULL,0,NULL,'0',0,NULL,NULL,NULL,NULL,NULL,NULL,NULL,NULL,NULL,NULL,'HOLO',NULL,'FINISH-SC','BL','MNDR','1350007511155',NULL,NULL,NULL,'0','andy',NULL,'192.168.17.39','hrholo2',NULL,'192.168.17.22',NULL,NULL,0,NULL,NULL,NULL,NULL),('08006',8006,NULL,'3319010302720006','MOH MAHMUDI',0,'KUDUS',NULL,0,NULL,'0',0,NULL,NULL,NULL,NULL,'-','KUDUS',NULL,NULL,NULL,NULL,'HOLO',NULL,'GUDANG SP-2','BL','MNDR','1350007509787',NULL,NULL,NULL,'1','andy',NULL,'192.168.17.39','andy',NULL,'fe80::2c78:65a8:66ba:d736%12',NULL,NULL,0,NULL,0,0,NULL),('08000',8000,NULL,'3319031810690001','RIBADI',0,'KUDUS',NULL,0,NULL,'0',0,NULL,NULL,NULL,NULL,'-','KUDUS',NULL,NULL,NULL,NULL,'HOLO',NULL,'GUDANG SP-2','BL','MNDR','1350007509779',NULL,NULL,NULL,'1','andy',NULL,'192.168.17.39','andy',NULL,'fe80::2c78:65a8:66ba:d736%12',NULL,NULL,0,NULL,0,0,NULL),('05343',5343,NULL,'3319032105630002','WALUYO',0,'KUDUS',NULL,0,NULL,'0',0,NULL,NULL,NULL,NULL,'GAWE 02','KUDUS',NULL,NULL,NULL,NULL,'HOLO',NULL,'GUDANG SP-2','BL','MNDR','1350007041278',NULL,NULL,NULL,'1','andy',NULL,'192.168.17.39','andy',NULL,'fe80::2c78:65a8:66ba:d736%12',NULL,NULL,0,NULL,0,0,NULL),('10184',10184,NULL,'3318101205660007','BAHRUDIN',0,'TEGAL',NULL,0,NULL,'0',0,NULL,NULL,NULL,NULL,'DIPONEGORO','PATI',NULL,NULL,NULL,NULL,'HOLO',NULL,'IS SP-2','BL','MNDR','1350007508979',NULL,NULL,NULL,'1','andy',NULL,'192.168.17.39','andy',NULL,'fe80::2c78:65a8:66ba:d736%12',NULL,NULL,0,NULL,0,0,NULL),('03722',3722,NULL,NULL,'HADI SURAHMAT',0,NULL,NULL,0,NULL,'0',0,NULL,NULL,NULL,NULL,NULL,NULL,NULL,NULL,NULL,NULL,'HOLO',NULL,'IS','BL','MNDR','1350007028820',NULL,NULL,NULL,'0','andy',NULL,'192.168.17.39','hrholo2',NULL,'192.168.17.22',NULL,NULL,NULL,NULL,NULL,NULL,NULL),('09976',9976,NULL,'3319036909770002','NURUL HIKMAH',0,'KUDUS',NULL,0,NULL,'0',0,NULL,NULL,NULL,NULL,'-','KUDUS',NULL,NULL,NULL,NULL,'HOLO',NULL,'IS SP-2','BL','MNDR','1350007508987',NULL,NULL,NULL,'1','andy',NULL,'192.168.17.39','andy',NULL,'fe80::2c78:65a8:66ba:d736%12',NULL,NULL,0,NULL,1,0,NULL),('10185',10185,NULL,'3318103010760009','SUWANTO',0,'PATI',NULL,0,NULL,'0',0,NULL,NULL,NULL,NULL,'PATI-TAYU KM 5','PATI',NULL,NULL,NULL,NULL,'HOLO',NULL,'IS SP-2','BL','MNDR','1350007509001',NULL,NULL,NULL,'1','andy',NULL,'192.168.17.39','andy',NULL,'fe80::2c78:65a8:66ba:d736%12',NULL,NULL,0,NULL,0,0,NULL),('08370',8370,NULL,'3318101708760003','AGUNG HARDIYONO',0,'KUDUS',NULL,0,NULL,'0',0,NULL,NULL,NULL,NULL,'KEMBANG JOYO','PATI',NULL,NULL,NULL,NULL,'HOLO',NULL,'KIRIMAN SP-2','BL','MNDR','1350007040940',NULL,NULL,NULL,'1','andy',NULL,'192.168.17.39','andy',NULL,'fe80::2c78:65a8:66ba:d736%12',NULL,NULL,0,NULL,0,0,NULL),('04274',4274,NULL,'3319065104680002','MAHMUDAH',0,'JEPARA',NULL,0,NULL,'0',0,NULL,NULL,NULL,NULL,'KLALING','KUDUS',NULL,NULL,NULL,NULL,'HOLO',NULL,'PEMBELIAN','BL','MNDR','1350007028788',NULL,NULL,NULL,'1','andy',NULL,'192.168.17.39','andy',NULL,'fe80::2c78:65a8:66ba:d736%12',NULL,NULL,0,NULL,1,0,NULL),('04748',4748,NULL,'3319033004680005','NOORKHAN',0,'KUDUS',NULL,0,NULL,'0',0,NULL,NULL,NULL,NULL,'PAKIS AIR PERUM JEPANG \nPAKIS','KUDUS',NULL,NULL,NULL,NULL,'HOLO',NULL,'FINISH-SC','BL','MNDR','1350007028705',NULL,NULL,NULL,'1','andy',NULL,'192.168.17.39','andy',NULL,'fe80::2c78:65a8:66ba:d736%12',NULL,NULL,0,NULL,0,0,NULL),('08430',8430,NULL,NULL,'ROERI ARFIYANTO',0,NULL,NULL,0,NULL,'0',0,NULL,NULL,NULL,NULL,NULL,NULL,NULL,NULL,NULL,NULL,'HOLO',NULL,'PENGEMBANGAN','BL','MNDR','1350007041195',NULL,NULL,NULL,'0','andy',NULL,'192.168.17.39','hrholo2',NULL,'192.168.17.39',NULL,NULL,0,NULL,0,NULL,NULL),('10399',10399,NULL,'3516012207760001','YAHYA INDARTO',0,'MOJOKERTO',NULL,0,NULL,'0',0,NULL,NULL,NULL,NULL,'PERUMAHNAN TANJUNG JATI \nPERMAI NO.301','KUDUS',NULL,NULL,NULL,NULL,'HOLO',NULL,'PENGEMBANGAN','BL','MNDR','1350007028861',NULL,NULL,NULL,'1','andy',NULL,'192.168.17.39','andy',NULL,'fe80::2c78:65a8:66ba:d736%12',NULL,NULL,0,NULL,0,0,NULL),('09314',9314,NULL,'3318106212750003','ISTIQOMAH',0,'KUDUS',NULL,0,NULL,'0',0,NULL,NULL,NULL,NULL,'KEMBANG JOYO','PATI',NULL,NULL,NULL,NULL,'HOLO',NULL,'HRI','BL','MNDR','1350007028838',NULL,NULL,NULL,'1','andy',NULL,'192.168.17.39','hrholo',NULL,'192.168.17.39',NULL,NULL,0,NULL,1,0,NULL),('05467',5467,NULL,'3319021112680002','DWI CHRISTIAN ENDARI',0,'REMBANG',NULL,0,NULL,'0',0,NULL,NULL,NULL,NULL,'VETERAN','KUDUS',NULL,NULL,NULL,NULL,'HOLO',NULL,'UMUM-2','BL','MNDR','1350007028226',NULL,NULL,NULL,'1','andy',NULL,'192.168.17.39','andy',NULL,'fe80::2c78:65a8:66ba:d736%12',NULL,NULL,0,NULL,0,0,NULL),('08215',8215,NULL,'3319031408750005','ROSYID MAULANA',0,'KUDUS',NULL,0,NULL,'0',0,NULL,NULL,NULL,NULL,'-','KUDUS',NULL,NULL,NULL,NULL,'HOLO',NULL,'KAL-2','BL','MNDR','1350007040957',NULL,NULL,NULL,'1','andy',NULL,'192.168.17.39','andy',NULL,'fe80::2c78:65a8:66ba:d736%12',NULL,NULL,0,NULL,0,0,NULL),('09977',9977,NULL,'3319034507800010','RULI HERMAWATI',0,'KUDUS',NULL,0,NULL,'0',0,NULL,NULL,NULL,NULL,'-','KUDUS',NULL,NULL,NULL,NULL,'HOLO',NULL,'PRODUKSI SP-2','BL','MNDR','1350007510207',NULL,NULL,NULL,'1','andy',NULL,'192.168.17.39','andy',NULL,'fe80::2c78:65a8:66ba:d736%12',NULL,NULL,0,NULL,1,0,NULL),('07774',7774,NULL,'3319061409750002','ALI NAFI',0,'KUDUS',NULL,0,NULL,'0',0,NULL,NULL,NULL,NULL,'JEPANG WETAN','KUDUS',NULL,NULL,NULL,NULL,'HOLO',NULL,'QC-2','BL','MNDR','1350007041260',NULL,NULL,NULL,'1','andy',NULL,'192.168.17.39','andy',NULL,'fe80::2c78:65a8:66ba:d736%12',NULL,NULL,0,NULL,0,0,NULL),('04987',4987,NULL,'3319032806680001','DJUNAEDI',0,'KUDUS',NULL,0,NULL,'0',0,NULL,NULL,NULL,NULL,'-','KUDUS',NULL,NULL,NULL,NULL,'HOLO',NULL,'QC-2','BL','MNDR','1350007028648',NULL,NULL,NULL,'1','andy',NULL,'192.168.17.39','andy',NULL,'fe80::2c78:65a8:66ba:d736%12',NULL,NULL,0,NULL,0,0,NULL),('08222',8222,NULL,'3319020601750001','DWI ANA BUDI P',0,'KUDUS',NULL,0,NULL,'0',0,NULL,NULL,NULL,NULL,'CITRA 157','KUDUS',NULL,NULL,NULL,NULL,'HOLO',NULL,'QC-2','BL','MNDR','1350007028655',NULL,NULL,NULL,'1','andy',NULL,'192.168.17.39','andy',NULL,'fe80::2c78:65a8:66ba:d736%12',NULL,NULL,0,NULL,0,0,NULL),('08007',8007,NULL,'3319024206700003','GANDES SRI RAHAYU',0,'KLATEN',NULL,0,NULL,'0',0,NULL,NULL,NULL,NULL,'-','KUDUS',NULL,NULL,NULL,NULL,'HOLO',NULL,'QC-2','BL','MNDR','1350007028697',NULL,NULL,NULL,'1','andy',NULL,'192.168.17.39','andy',NULL,'fe80::2c78:65a8:66ba:d736%12',NULL,NULL,0,NULL,1,0,NULL),('02479',2479,NULL,'3319031810600002','KUSTOMO',0,'KUDUS',NULL,0,NULL,'0',0,NULL,NULL,NULL,NULL,'DS PASURUAN LOR','KUDUS',NULL,NULL,NULL,NULL,'HOLO',NULL,'UMUM-2','BL','MNDR','1350007041252',NULL,NULL,NULL,'1','andy',NULL,'192.168.17.39','hrholo2',NULL,'192.168.17.39',NULL,NULL,0,NULL,0,0,NULL),('09420',9420,NULL,'3319035403750001','PRASTYANING SUCI',0,'KUDUS',NULL,0,NULL,'0',0,NULL,NULL,NULL,NULL,'TAMBAK LULANG','KUDUS',NULL,NULL,NULL,NULL,'HOLO',NULL,'QC-2','BL','MNDR','1350007504804',NULL,NULL,NULL,'1','andy',NULL,'192.168.17.39','andy',NULL,'fe80::2c78:65a8:66ba:d736%12',NULL,NULL,0,NULL,1,0,NULL),('09980',9980,NULL,'3319016404720005','RITA PURWATI',0,'KUDUS',NULL,0,NULL,'0',0,NULL,NULL,NULL,NULL,'KUDUS-JEPARA PERUM MURIA \nASRI','KUDUS',NULL,NULL,NULL,NULL,'HOLO',NULL,'STAMPING SP-2','BL','MNDR','1350007506544',NULL,NULL,NULL,'1','andy',NULL,'192.168.17.39','andy',NULL,'fe80::2c78:65a8:66ba:d736%12',NULL,NULL,0,NULL,1,0,NULL),('09869',9869,NULL,'3319075304720001','SITI ZURIYAH',0,'KUDUS',NULL,0,NULL,'0',0,NULL,NULL,NULL,NULL,'H. MASCHURI','KUDUS',NULL,NULL,NULL,NULL,'HOLO',NULL,'QC-2','BL','MNDR','1350007504820',NULL,NULL,NULL,'1','andy',NULL,'192.168.17.39','andy',NULL,'fe80::2c78:65a8:66ba:d736%12',NULL,NULL,0,NULL,1,0,NULL),('08381',8381,NULL,'3319074411730002','SUGIARTI',0,'PATI',NULL,0,NULL,'0',0,NULL,NULL,NULL,NULL,'KARANG BENER','KUDUS',NULL,NULL,NULL,NULL,'HOLO',NULL,'QC-2','BL','MNDR','1350007040999',NULL,NULL,NULL,'1','andy',NULL,'192.168.17.39','andy',NULL,'fe80::2c78:65a8:66ba:d736%12',NULL,NULL,0,NULL,1,0,NULL),('09280',9280,NULL,'3318105502690009','SUPRIHATIN',0,'KUDUS',NULL,0,NULL,'0',0,NULL,NULL,NULL,NULL,'-','PATI',NULL,NULL,NULL,NULL,'HOLO',NULL,'QC-2','BL','MNDR','1350007504705',NULL,NULL,NULL,'1','andy',NULL,'192.168.17.39','andy',NULL,'fe80::2c78:65a8:66ba:d736%12',NULL,NULL,0,NULL,1,0,NULL),('05032',5032,NULL,'3319061703690004','WARSITO ',0,'PATI',NULL,0,NULL,'0',0,NULL,NULL,NULL,NULL,'SEWO NEGORO DK KAUMAN','KUDUS',NULL,NULL,NULL,NULL,'HOLO',NULL,'QC-2','BL','MNDR','1350007028689',NULL,NULL,NULL,'1','andy',NULL,'192.168.17.39','andy',NULL,'fe80::2c78:65a8:66ba:d736%12',NULL,NULL,0,NULL,0,0,NULL),('09720',9720,NULL,NULL,'EDY SUYANTO',0,NULL,NULL,0,NULL,'0',0,NULL,NULL,NULL,NULL,NULL,NULL,NULL,NULL,NULL,NULL,'HOLO',NULL,'SATPAM','BL','MNDR','1350007510702',NULL,NULL,NULL,'0','andy',NULL,'192.168.17.39','hrholo2',NULL,'192.168.17.22',NULL,NULL,NULL,NULL,NULL,NULL,NULL),('09727',9727,NULL,NULL,'JIMI',0,NULL,NULL,0,NULL,'0',0,NULL,NULL,NULL,NULL,NULL,NULL,NULL,NULL,NULL,NULL,'HOLO',NULL,'SATPAM SP-2','BL','MNDR','1350007510587',NULL,NULL,NULL,'0','andy',NULL,'192.168.17.39','hrholo2',NULL,'192.168.17.39',NULL,NULL,0,NULL,NULL,NULL,NULL),('19944',19944,NULL,NULL,'KAMIDAH',0,NULL,NULL,0,NULL,'0',0,NULL,NULL,NULL,NULL,NULL,NULL,NULL,NULL,NULL,NULL,'HOLO',NULL,'SATPAM \nSP-2','BL','MNDR','1350007509720',NULL,NULL,NULL,'0','andy',NULL,'192.168.17.39','hrholo2',NULL,'192.168.17.39',NULL,NULL,0,NULL,NULL,NULL,NULL),('05702',5702,NULL,NULL,'SAIDUN',0,NULL,NULL,0,NULL,'0',0,NULL,NULL,NULL,NULL,NULL,NULL,NULL,NULL,NULL,NULL,'HOLO',NULL,'SATPAM','BL','MNDR','1350007507161',NULL,NULL,NULL,'0','andy',NULL,'192.168.17.39','hrholo2',NULL,'192.168.17.22',NULL,NULL,NULL,NULL,NULL,NULL,NULL),('04914',4914,NULL,NULL,'SARDJONO',0,NULL,NULL,0,NULL,'0',0,NULL,NULL,NULL,NULL,NULL,NULL,NULL,NULL,NULL,NULL,'HOLO',NULL,'SATPAM','BL','MNDR','1350007510678',NULL,NULL,NULL,'0','andy',NULL,'192.168.17.39','hrholo2',NULL,'192.168.17.22',NULL,NULL,NULL,NULL,NULL,NULL,NULL),('08518',8518,NULL,NULL,'SRI SUNARSIH',0,NULL,NULL,0,NULL,'0',0,NULL,NULL,NULL,NULL,NULL,NULL,NULL,NULL,NULL,NULL,'HOLO',NULL,'SATPAM SP-2','BL','MNDR','1350007510553',NULL,NULL,NULL,'0','andy',NULL,'192.168.17.39','hrholo2',NULL,'192.168.17.39',NULL,NULL,0,NULL,NULL,NULL,NULL),('09726',9726,NULL,NULL,'SUDIYONO.B',0,NULL,NULL,0,NULL,'0',0,NULL,NULL,NULL,NULL,NULL,NULL,NULL,NULL,NULL,NULL,'HOLO',NULL,'SATPAM1','BL','MNDR','1350007510652',NULL,NULL,NULL,'0','andy',NULL,'192.168.17.39','lastri',NULL,'192.168.26.205',NULL,NULL,0,NULL,NULL,NULL,NULL),('07657',7657,NULL,NULL,'SUHANTO',0,NULL,NULL,0,NULL,'0',0,NULL,NULL,NULL,NULL,NULL,NULL,NULL,NULL,NULL,NULL,'HOLO',NULL,'SATPAM','BL','MNDR','1350007510637',NULL,NULL,NULL,'0','andy',NULL,'192.168.17.39','hrholo2',NULL,'192.168.17.22',NULL,NULL,NULL,NULL,NULL,NULL,NULL),('07181',7181,NULL,NULL,'SUJONO',0,NULL,NULL,0,NULL,'0',0,NULL,NULL,NULL,NULL,NULL,NULL,NULL,NULL,NULL,NULL,'HOLO',NULL,'SATPAM','BL','MNDR','1350007510710',NULL,NULL,NULL,'0','andy',NULL,'192.168.17.39','hrholo2',NULL,'192.168.17.22',NULL,NULL,NULL,NULL,NULL,NULL,NULL),('00143',143,NULL,NULL,'SUMANTO',0,NULL,NULL,0,NULL,'0',0,NULL,NULL,NULL,NULL,NULL,NULL,NULL,NULL,NULL,NULL,'HOLO',NULL,'SATPAM SP-2','BL','MNDR','1350007510728',NULL,NULL,NULL,'0','andy',NULL,'192.168.17.39','hrholo2',NULL,'192.168.17.39',NULL,NULL,0,NULL,NULL,NULL,NULL),('07889',7889,NULL,NULL,'SUMARDI (B)',0,NULL,NULL,0,NULL,'0',0,NULL,NULL,NULL,NULL,NULL,NULL,NULL,NULL,NULL,NULL,'HOLO',NULL,'SATPAM SP-2','BL','MNDR','1350007041328',NULL,NULL,NULL,'0','andy',NULL,'192.168.17.39','hrholo2',NULL,'192.168.17.22',NULL,NULL,0,NULL,NULL,NULL,NULL),('09952',9952,NULL,NULL,'SUNOTO',0,NULL,NULL,0,NULL,'0',0,NULL,NULL,NULL,NULL,NULL,NULL,NULL,NULL,NULL,NULL,'HOLO',NULL,'SATPAM SP-2','BL','MNDR','1350007510629',NULL,NULL,NULL,'0','andy',NULL,'192.168.17.39','hrholo2',NULL,'192.168.17.39',NULL,NULL,0,NULL,NULL,NULL,NULL),('08044',8044,NULL,NULL,'T. SUPRIHATIN',0,NULL,NULL,0,NULL,'0',0,NULL,NULL,NULL,NULL,NULL,NULL,NULL,NULL,NULL,NULL,'HOLO',NULL,'SATPAM SP-2','BL','MNDR','1350007510645',NULL,NULL,NULL,'0','andy',NULL,'192.168.17.39','hrholo2',NULL,'192.168.17.39',NULL,NULL,0,NULL,NULL,NULL,NULL),('07780',7780,NULL,NULL,'TUGIRAN',0,NULL,NULL,0,NULL,'0',0,NULL,NULL,NULL,NULL,NULL,NULL,NULL,NULL,NULL,NULL,'HOLO',NULL,'SATPAM','BL','MNDR','1350007041310',NULL,NULL,NULL,'0','andy',NULL,'192.168.17.39','hrholo2',NULL,'192.168.17.22',NULL,NULL,NULL,NULL,NULL,NULL,NULL),('10028',10028,NULL,NULL,'ZULIANA VERA VITA',0,NULL,NULL,0,NULL,'0',0,NULL,NULL,NULL,NULL,NULL,NULL,NULL,NULL,NULL,NULL,'HOLO',NULL,'SATPAM SP-2','BL','MNDR','1350007510561',NULL,NULL,NULL,'0','andy',NULL,'192.168.17.39','hrholo2',NULL,'192.168.17.39',NULL,NULL,0,NULL,NULL,NULL,NULL),('08448',8448,NULL,'3319011202710008','CHAMIM',0,'KUDUS',NULL,0,NULL,'0',0,NULL,NULL,NULL,NULL,'-','KUDUS',NULL,NULL,NULL,NULL,'HOLO',NULL,'SLITTER SP-2','BL','MNDR','1350007510843',NULL,NULL,NULL,'1','andy',NULL,'192.168.17.39','andy',NULL,'fe80::2c78:65a8:66ba:d736%12',NULL,NULL,0,NULL,0,0,NULL),('08441',8441,NULL,'3319061603730002','KARTIKO AGUS R',0,'KUDUS',NULL,0,NULL,'0',1,NULL,NULL,NULL,NULL,'-','KUDUS',NULL,NULL,NULL,NULL,'HOLO',NULL,'SLITTER SP-2','BL','MNDR','1350007510850',NULL,NULL,NULL,'1','andy',NULL,'192.168.17.39','andy',NULL,'fe80::2c78:65a8:66ba:d736%12',NULL,NULL,0,NULL,0,0,NULL),('09315',9315,NULL,'3319020208830003','AGUS SISWANTO',0,'KUDUS',NULL,0,NULL,'0',0,NULL,NULL,NULL,NULL,'-','KUDUS',NULL,NULL,NULL,NULL,'HOLO',NULL,'STAMPING SP-2','BL','MNDR','1350007514423',NULL,NULL,NULL,'1','andy',NULL,'192.168.17.39','andy',NULL,'fe80::2c78:65a8:66ba:d736%12',NULL,NULL,0,NULL,0,0,NULL),('08446',8446,NULL,'3319022012710003','BAMBANG HERYANTO',0,'KUDUS',NULL,0,NULL,'0',0,NULL,NULL,NULL,NULL,'SUNAN MURIA','KUDUS',NULL,NULL,NULL,NULL,'HOLO',NULL,'STAMPING SP-2','BL','MNDR','1350007513474',NULL,NULL,NULL,'1','andy',NULL,'192.168.17.39','andy',NULL,'fe80::2c78:65a8:66ba:d736%12',NULL,NULL,0,NULL,0,0,NULL),('06874',6874,NULL,'3319070805730002','CLAMET AZAGAF',0,'KUDUS',NULL,0,NULL,'0',0,NULL,NULL,NULL,NULL,'NOLO-KALAMODDIN','KUDUS',NULL,NULL,NULL,NULL,'HOLO',NULL,'PRODUKSI SP-2','BL','MNDR','1350007028671',NULL,NULL,NULL,'1','andy',NULL,'192.168.17.39','andy',NULL,'fe80::2c78:65a8:66ba:d736%12',NULL,NULL,0,NULL,0,0,NULL),('06400',6400,NULL,'3319032808720004','FAUZAN',0,'KUDUS',NULL,0,NULL,'0',0,NULL,NULL,NULL,NULL,'PURA GUEST HOUSE','KUDUS',NULL,NULL,NULL,NULL,'HOLO',NULL,'STAMPING SP-2','BL','MNDR','1350007514548',NULL,NULL,NULL,'1','andy',NULL,'192.168.17.39','andy',NULL,'fe80::2c78:65a8:66ba:d736%12',NULL,NULL,0,NULL,0,0,NULL),('08212',8212,NULL,'3319033011740001','HUMAM NUR EDY',0,'SLEMAN',NULL,0,NULL,'0',0,NULL,NULL,NULL,NULL,'-','KUDUS',NULL,NULL,NULL,NULL,'HOLO',NULL,'STAMPING SP-2','BL','MNDR','1350007510801',NULL,NULL,NULL,'1','andy',NULL,'192.168.17.39','andy',NULL,'fe80::2c78:65a8:66ba:d736%12',NULL,NULL,0,NULL,0,0,NULL),('08219',8219,NULL,'3319032406760002','IMAM SUROSO',0,'KUDUS',NULL,0,NULL,'0',0,NULL,NULL,NULL,NULL,'-','KUDUS',NULL,NULL,NULL,NULL,'HOLO',NULL,'STAMPING SP-2','BL','MNDR','1350007514753',NULL,NULL,NULL,'1','andy',NULL,'192.168.17.39','andy',NULL,'fe80::2c78:65a8:66ba:d736%12',NULL,NULL,0,NULL,0,0,NULL),('08217',8217,NULL,'331907220570001','KUSWANDI ( B )',0,'KUDUS',NULL,0,NULL,'0',0,NULL,NULL,NULL,NULL,'-','KUDUS',NULL,NULL,NULL,NULL,'HOLO',NULL,'STAMPING SP-2','BL','MNDR','1350007511478',NULL,NULL,NULL,'1','andy',NULL,'192.168.17.39','andy',NULL,'fe80::2c78:65a8:66ba:d736%12',NULL,NULL,0,NULL,0,0,NULL),('09276',9276,NULL,'3319032709750001','MUSLIKAN',0,'KUDUS',NULL,0,NULL,'0',0,NULL,NULL,NULL,NULL,'PURA NO 411','KUDUS',NULL,NULL,NULL,NULL,'HOLO',NULL,'STAMPING SP-2','BL','MNDR','1350007511601',NULL,NULL,NULL,'1','andy',NULL,'192.168.17.39','andy',NULL,'fe80::2c78:65a8:66ba:d736%12',NULL,NULL,0,NULL,0,0,NULL),('00361',361,NULL,'3321091007680004','PURWOTO',0,'DEMAK',NULL,0,NULL,'0',0,NULL,NULL,NULL,NULL,'-','DEMAK',NULL,NULL,NULL,NULL,'HOLO',NULL,'STAMPING SP-2','BL','MNDR','1350007514803',NULL,NULL,NULL,'1','andy',NULL,'192.168.17.39','andy',NULL,'fe80::2c78:65a8:66ba:d736%12',NULL,NULL,0,NULL,0,0,NULL),('08374',8374,NULL,'3319052207760004','SARWO EDY',0,'KUDUS',NULL,0,NULL,'0',0,NULL,NULL,NULL,NULL,'TEMULUS MEJOBO','KUDUS',NULL,NULL,NULL,NULL,'HOLO',NULL,'STAMPING SP-2','BL','MNDR','1350007511551',NULL,NULL,NULL,'1','andy',NULL,'192.168.17.39','andy',NULL,'fe80::2c78:65a8:66ba:d736%12',NULL,NULL,0,NULL,0,0,NULL),('05796',5796,NULL,'3319031212690002','SHOLIKUL HADI',0,'KUDUS',NULL,0,NULL,'0',0,NULL,NULL,NULL,NULL,'AKBP R AGIL KUSUMADYA','KUDUS',NULL,NULL,NULL,NULL,'HOLO',NULL,'STAMPING SP-2','BL','MNDR','1350007028762',NULL,NULL,NULL,'1','andy',NULL,'192.168.17.39','andy',NULL,'fe80::2c78:65a8:66ba:d736%12',NULL,NULL,0,NULL,0,0,NULL),('03907',3907,NULL,'3319031104700001','AGUS KRISTYANTO',0,'KUDUS',NULL,0,NULL,'0',0,NULL,NULL,NULL,NULL,'-','KUDUS',NULL,NULL,NULL,NULL,'HOLO',NULL,'CETAK','BL','MNDR','1350007930462',NULL,NULL,NULL,'1','andy',NULL,'192.168.17.39','andy',NULL,'fe80::2c78:65a8:66ba:d736%12',NULL,NULL,0,NULL,0,0,NULL),('07076',7076,NULL,'3319032801730001','MASRIKAN',0,'KUDUS',NULL,0,NULL,'0',0,NULL,NULL,NULL,NULL,'SUKARNO HATTA GG. II','KUDUS',NULL,NULL,NULL,NULL,'HOLO',NULL,'CETAK','BL','MNDR','1350007930470',NULL,NULL,NULL,'1','andy',NULL,'192.168.17.39','andy',NULL,'fe80::2c78:65a8:66ba:d736%12',NULL,NULL,0,NULL,0,0,NULL),('07072',7072,NULL,'3319062711710002','SIRIN',0,'KUDUS',NULL,0,NULL,'0',0,NULL,NULL,NULL,NULL,'-','KUDUS',NULL,NULL,NULL,NULL,'HOLO',NULL,'CETAK','BL','MNDR','1350007885641',NULL,NULL,NULL,'1','andy',NULL,'192.168.17.39','andy',NULL,'fe80::2c78:65a8:66ba:d736%12',NULL,NULL,0,NULL,0,0,NULL),('10727',10727,NULL,'3319052701720002','ARIF ROCHMANTO',0,'KUDUS',NULL,0,NULL,'0',0,NULL,NULL,NULL,NULL,'KESAMBI','KUDUS',NULL,NULL,NULL,NULL,'HOLO',NULL,'PENGEMBANGAN1','BL','MNDR','1350007505694',NULL,NULL,NULL,'1','andy',NULL,'192.168.17.39','beautiful',NULL,'192.168.26.206',NULL,NULL,1,NULL,0,0,NULL),('09145',9145,NULL,'3319032906790002','BROTO SANTOSO',0,'KUDUS',NULL,0,NULL,'0',0,'SLTA',NULL,NULL,NULL,'-','KUDUS',NULL,NULL,NULL,NULL,'HOLO',NULL,'CONVERTING1','BL','MNDR','1350007505645',NULL,NULL,NULL,'1','andy',NULL,'192.168.17.39','andy',NULL,'fe80::2c78:65a8:66ba:d736%12',NULL,NULL,0,NULL,0,0,NULL),('09232',9232,NULL,'3319062005770003','M.SYAKURI',0,'KUDUS',NULL,0,NULL,'0',0,NULL,NULL,NULL,NULL,'-','KUDUS',NULL,NULL,NULL,NULL,'HOLO',NULL,'CONVERTING1','BL','MNDR','1350007505678',NULL,NULL,NULL,'1','andy',NULL,'192.168.17.39','andy',NULL,'fe80::2c78:65a8:66ba:d736%12',NULL,NULL,0,NULL,0,0,NULL),('08346',8346,NULL,NULL,'MUSTARI',0,NULL,NULL,0,NULL,'0',0,NULL,NULL,NULL,NULL,NULL,NULL,NULL,NULL,NULL,NULL,'HOLO',NULL,'CONVERTING SP-2','BL','MNDR','1350007505611',NULL,NULL,NULL,'0','andy',NULL,'192.168.17.39','hrholo',NULL,'192.168.26.206',NULL,NULL,0,NULL,0,NULL,NULL),('06876',6876,NULL,'3319032107710003','RIYONO',0,'KUDUS',NULL,0,NULL,'0',0,NULL,NULL,NULL,NULL,'-','KUDUS',NULL,NULL,NULL,NULL,'HOLO',NULL,'CONVERTING1','BL','MNDR','1350007028473',NULL,NULL,NULL,'1','andy',NULL,'192.168.17.39','andy',NULL,'fe80::2c78:65a8:66ba:d736%12',NULL,NULL,0,NULL,0,0,NULL),('09784',9784,NULL,'3319057112770088','SRI ANAH',0,'KUDUS',NULL,0,NULL,'0',0,NULL,NULL,NULL,NULL,'PASAR NDORO','KUDUS',NULL,NULL,NULL,NULL,'HOLO',NULL,'CONVERTING1','BL','MNDR','1350007505660',NULL,NULL,NULL,'1','andy',NULL,'192.168.17.39','andy',NULL,'fe80::2c78:65a8:66ba:d736%12',NULL,NULL,0,NULL,1,0,NULL),('07934',7934,NULL,'3318102909750006','SUGIARTO',0,'PATI',NULL,0,NULL,'0',0,NULL,NULL,NULL,NULL,'-','PATI',NULL,NULL,NULL,NULL,'HOLO',NULL,'CONVERTING1','BL','MNDR','1350007505686',NULL,NULL,NULL,'1','andy',NULL,'192.168.17.39','andy',NULL,'fe80::2c78:65a8:66ba:d736%12',NULL,NULL,0,NULL,0,1,NULL),('10331',10331,NULL,'3319051608740008','SURATMAN',0,'PATI',NULL,0,NULL,'0',0,NULL,NULL,NULL,NULL,'-','KUDUS',NULL,NULL,NULL,NULL,'HOLO',NULL,'CONVERTING1','BL','MNDR','1350007505637',NULL,NULL,NULL,'1','andy',NULL,'192.168.17.39','andy',NULL,'fe80::2c78:65a8:66ba:d736%12',NULL,NULL,0,NULL,0,0,NULL),('09785',9785,NULL,'3319055409760004','NURSITI',0,'KUDUS',NULL,0,NULL,'0',0,NULL,NULL,NULL,NULL,'-','KUDUS',NULL,NULL,NULL,NULL,'HOLO',NULL,'KIRIMAN1','BL','MNDR','1350007509266',NULL,NULL,NULL,'1','andy',NULL,'192.168.17.39','andy',NULL,'fe80::2c78:65a8:66ba:d736%12',NULL,NULL,0,NULL,1,0,NULL),('07872',7872,NULL,'3319031712730002','ADHI DARMAWAN',0,'KUDUS',NULL,0,NULL,'0',0,NULL,NULL,NULL,NULL,'TAMBAK LULANG GG SERUNI 3','KUDUS',NULL,NULL,NULL,NULL,'HOLO',NULL,'PONZ','BL','MNDR','1350007028465',NULL,NULL,NULL,'1','andy',NULL,'192.168.17.39','andy',NULL,'fe80::2c78:65a8:66ba:d736%12',NULL,NULL,0,NULL,0,0,NULL),('08041',8041,NULL,'3319022812770001','DENI PURNIAWAN',0,'KUDUS',NULL,0,NULL,'0',0,NULL,NULL,NULL,NULL,'-','KUDUS',NULL,NULL,NULL,NULL,'HOLO',NULL,'PONZ','BL','MNDR','1350007509506',NULL,NULL,NULL,'1','andy',NULL,'192.168.17.39','andy',NULL,'fe80::2c78:65a8:66ba:d736%12',NULL,NULL,0,NULL,0,0,NULL),('08644',8644,NULL,'3319034202760006','NANIK LISTYO AYUNING',0,'KUDUS',NULL,0,NULL,'0',0,NULL,NULL,NULL,NULL,'-','KUDUS',NULL,NULL,NULL,NULL,'HOLO',NULL,'PRODUKSI1','BL','MNDR','1350007506577',NULL,NULL,NULL,'1','andy',NULL,'192.168.17.39','andy',NULL,'fe80::2c78:65a8:66ba:d736%12',NULL,NULL,0,NULL,1,0,NULL),('09225',9225,NULL,'331905598760003','NING MULYARINI',0,'KUDUS',NULL,0,NULL,'0',0,NULL,NULL,NULL,NULL,'-','KUDUS',NULL,NULL,NULL,NULL,'HOLO',NULL,'PRODUKSI1','BL','MNDR','1350007028457',NULL,NULL,NULL,'1','andy',NULL,'192.168.17.39','andy',NULL,'fe80::2c78:65a8:66ba:d736%12',NULL,NULL,0,NULL,1,0,NULL),('07465',7465,NULL,'3319030204750004','SUBRONO',0,'KUDUS',NULL,0,NULL,'0',0,NULL,NULL,NULL,NULL,'-','KUDUS',NULL,NULL,NULL,NULL,'HOLO',NULL,'PRODUKSI1','BL','MNDR','9000004022373',NULL,NULL,NULL,'1','andy',NULL,'192.168.17.39','andy',NULL,'fe80::2c78:65a8:66ba:d736%12',NULL,NULL,0,NULL,0,0,NULL),('06636',6636,NULL,'3319050306720001','MULYANTO',0,'KUDUS',NULL,0,NULL,'0',0,NULL,NULL,NULL,NULL,'-','KUDUS',NULL,NULL,NULL,NULL,'HOLO',NULL,'PENGEMBANGAN1','BL','MNDR','1350007028366',NULL,NULL,NULL,'1','andy',NULL,'192.168.17.39','andy',NULL,'fe80::2c78:65a8:66ba:d736%12',NULL,NULL,0,NULL,0,0,NULL),('06240',6240,NULL,'3319020810680003','SLAMET SOLIKIN',0,'KUDUS',NULL,0,NULL,'0',0,NULL,NULL,NULL,NULL,'KH ARWANI','KUDUS',NULL,NULL,NULL,NULL,'HOLO',NULL,'QC1','BL','MNDR','1350007504929',NULL,NULL,NULL,'1','andy',NULL,'192.168.17.39','andy',NULL,'fe80::2c78:65a8:66ba:d736%12',NULL,NULL,0,NULL,0,0,NULL),('09943',9943,NULL,NULL,'EKO SUSANTO',0,NULL,NULL,0,NULL,'0',0,NULL,NULL,NULL,NULL,NULL,NULL,NULL,NULL,NULL,NULL,'HOLO',NULL,'SATPAM1','BL','MNDR','1350007511445',NULL,NULL,NULL,'0','andy',NULL,'192.168.17.39','hrholo',NULL,'192.168.26.205',NULL,NULL,0,NULL,NULL,NULL,NULL),('07659',7659,NULL,NULL,'HADI SUPRIYO',0,NULL,NULL,0,NULL,'0',0,NULL,NULL,NULL,NULL,NULL,NULL,NULL,NULL,NULL,NULL,'HOLO',NULL,'SATPAM1','BL','MNDR','1350007028408',NULL,NULL,NULL,'0','andy',NULL,'192.168.17.39','hrholo',NULL,'192.168.26.205',NULL,NULL,0,NULL,NULL,NULL,NULL),('05686',5686,NULL,NULL,'SAHLI PURNOMO',0,NULL,NULL,0,NULL,'0',0,NULL,NULL,NULL,NULL,NULL,NULL,NULL,NULL,NULL,NULL,'HOLO',NULL,'SATPAM','BL','MNDR','1350007028390',NULL,NULL,NULL,'0','andy',NULL,'192.168.17.39','hrholo2',NULL,'192.168.17.22',NULL,NULL,NULL,NULL,NULL,NULL,NULL),('07655',7655,NULL,NULL,'SLAMET',0,NULL,NULL,0,NULL,'0',0,NULL,NULL,NULL,NULL,NULL,NULL,NULL,NULL,NULL,NULL,'HOLO',NULL,'SATPAM1','BL','MNDR','1350007509704',NULL,NULL,NULL,'0','andy',NULL,'192.168.17.39','hrholo',NULL,'192.168.26.205',NULL,NULL,0,NULL,NULL,NULL,NULL),('08524',8524,NULL,NULL,'SUKIMIN',0,NULL,NULL,0,NULL,'0',0,NULL,NULL,NULL,NULL,NULL,NULL,NULL,NULL,NULL,NULL,'HOLO',NULL,'SATPAM1','BL','MNDR','1350007509696',NULL,NULL,NULL,'0','andy',NULL,'192.168.17.39','hrholo',NULL,'192.168.26.205',NULL,NULL,0,NULL,NULL,NULL,NULL),('08168',8168,NULL,NULL,'SULIPAH',0,NULL,NULL,0,NULL,'0',0,NULL,NULL,NULL,NULL,NULL,NULL,NULL,NULL,NULL,NULL,'HOLO',NULL,'SATPAM1','BL','MNDR','1350007509662',NULL,NULL,NULL,'0','andy',NULL,'192.168.17.39','lastri',NULL,'192.168.26.205',NULL,NULL,0,NULL,NULL,NULL,NULL),('08134',8134,NULL,NULL,'SUNARDI',0,NULL,NULL,0,NULL,'0',0,NULL,NULL,NULL,NULL,NULL,NULL,NULL,NULL,NULL,NULL,'HOLO',NULL,'SATPAM1','BL','MNDR','1350007507179',NULL,NULL,NULL,'0','andy',NULL,'192.168.17.39','hrholo',NULL,'192.168.26.205',NULL,NULL,0,NULL,NULL,NULL,NULL),('09641',9641,NULL,NULL,'WARSONO',0,NULL,NULL,0,NULL,'0',0,NULL,NULL,NULL,NULL,NULL,NULL,NULL,NULL,NULL,NULL,'HOLO',NULL,'SATPAM1','BL','MNDR','1350007509688',NULL,NULL,NULL,'0','andy',NULL,'192.168.17.39','hrholo',NULL,'192.168.26.205',NULL,NULL,0,NULL,NULL,NULL,NULL),('07862',7862,NULL,'3319021702770002','TEGUH SUSANTO',0,'KUDUS',NULL,0,NULL,'0',0,NULL,NULL,NULL,NULL,'-','KUDUS',NULL,NULL,NULL,NULL,'HOLO',NULL,'SLITER','BL','MNDR','1350007510793',NULL,NULL,NULL,'1','andy',NULL,'192.168.17.39','andy',NULL,'fe80::2c78:65a8:66ba:d736%12',NULL,NULL,0,NULL,0,0,NULL),('03204',3204,NULL,'3319013004630001','APRI RIYANTO',0,'SURAKARTA',NULL,0,NULL,'0',2,NULL,NULL,NULL,NULL,'PERMAI XI 3 KUDUS PERMAI','KUDUS',NULL,NULL,NULL,NULL,'HOLO',NULL,'STUDIO1','BL','MNDR','1350007028184',NULL,NULL,NULL,'1','andy',NULL,'192.168.17.39','beautiful',NULL,'192.168.26.206',NULL,NULL,1,NULL,0,0,NULL),('03205',3205,NULL,'3319031906520001','KARNADI TJAHYANA',0,'SURAKARTA',NULL,0,NULL,'0',2,NULL,NULL,NULL,NULL,'PERUM PURA','KUDUS',NULL,NULL,NULL,NULL,'HOLO',NULL,'STUDIO1','KT','MNDR','1350007028200',NULL,NULL,NULL,'1','andy',NULL,'192.168.17.39','beautiful',NULL,'192.168.26.206',NULL,NULL,1,NULL,0,0,NULL),('11007',11007,NULL,'3319060107840159','M.RIZAL RIYO.W',0,'MAGELANG',NULL,0,NULL,'0',0,NULL,NULL,NULL,NULL,'-','KUDUS',NULL,NULL,NULL,NULL,'HOLO',NULL,'STUDIO1','BL','MNDR','1350007028218',NULL,NULL,NULL,'1','andy',NULL,'192.168.17.39','beautiful',NULL,'192.168.26.206',NULL,NULL,0,NULL,0,0,NULL),('08384',8384,NULL,'3319062801750003','HARSONO',0,'KUDUS',NULL,0,NULL,'0',0,NULL,NULL,NULL,NULL,'-','KUDUS',NULL,NULL,NULL,NULL,'HOLO',NULL,'TEKNISI1','BL','MNDR','1350007511023',NULL,NULL,NULL,'1','andy',NULL,'192.168.17.39','andy',NULL,'fe80::2c78:65a8:66ba:d736%12',NULL,NULL,0,NULL,0,0,NULL),('07835',7835,NULL,'3319022312670002','M.KRISTIANTA. N',0,'KLATEN',NULL,0,NULL,'0',2,NULL,NULL,NULL,NULL,'SISWA NO .13','KUDUS',NULL,NULL,NULL,NULL,'HOLO',NULL,'UMUM-2','BL','MNDR','1350007028804',NULL,NULL,NULL,'1','andy',NULL,'192.168.17.39','andy',NULL,'fe80::2c78:65a8:66ba:d736%12',NULL,NULL,0,NULL,0,0,NULL),('08016',8016,NULL,NULL,'MASKURI',0,NULL,NULL,0,NULL,'0',0,NULL,NULL,NULL,NULL,NULL,NULL,NULL,NULL,NULL,NULL,'HOLO',NULL,'UMUM','BL','MNDR','1350007511452',NULL,NULL,NULL,'0','andy',NULL,'192.168.17.39','lastri',NULL,'192.168.26.205',NULL,NULL,0,NULL,NULL,NULL,NULL),('00438',438,NULL,'3319030305640002','USMANTO',0,'KUDUS',NULL,0,NULL,'0',0,NULL,NULL,NULL,NULL,'AKBP R AGIL KUSUMADYA','KUDUS',NULL,NULL,NULL,NULL,'HOLO',NULL,'UMUM','BL','MNDR','1350007511411',NULL,NULL,NULL,'1','andy',NULL,'192.168.17.39','andy',NULL,'fe80::2c78:65a8:66ba:d736%12',NULL,NULL,0,NULL,0,0,NULL),('10217',10217,NULL,'3319031806780005','ADI WIBOWO',0,'KUDUS',NULL,0,NULL,'0',0,NULL,NULL,NULL,NULL,'-','KUDUS',NULL,NULL,NULL,NULL,'HOLO',NULL,'STAMPING SP-2','BL','MNDR','1350007505900',NULL,NULL,NULL,'1','andy',NULL,'192.168.17.39','andy',NULL,'fe80::2c78:65a8:66ba:d736%12',NULL,NULL,0,NULL,0,0,NULL),('09545',9545,NULL,'3319031708770001','AGUS HARYANTO',0,'KUDUS',NULL,0,NULL,'0',0,NULL,NULL,NULL,NULL,'-','KUDUS',NULL,NULL,NULL,NULL,'HOLO',NULL,'CONVERTING SP-2','BL','MNDR','1350007505843',NULL,NULL,NULL,'1','andy',NULL,'192.168.17.39','hrholo2',NULL,'192.168.17.39',NULL,NULL,0,NULL,0,0,NULL),('08373',8373,NULL,'3319022102750001','MUCHAMAD ARIF',0,'KUDUS',NULL,0,NULL,'0',0,NULL,NULL,NULL,NULL,'CENDANA  III','KUDUS',NULL,NULL,NULL,NULL,'HOLO',NULL,'CONVERTING SP-2','BL','MNDR','1350007506411',NULL,NULL,NULL,'1','andy',NULL,'192.168.17.39','andy',NULL,'fe80::2c78:65a8:66ba:d736%12',NULL,NULL,0,NULL,0,0,NULL),('09553',9553,NULL,'3318121003790002','MUSAFA',0,'KUDUS',NULL,0,NULL,'0',0,NULL,NULL,NULL,NULL,'-','PATI',NULL,NULL,NULL,NULL,'HOLO',NULL,'CONVERTING SP-2','BL','MNDR','1350007511338',NULL,NULL,NULL,'1','andy',NULL,'192.168.17.39','andy',NULL,'fe80::2c78:65a8:66ba:d736%12',NULL,NULL,0,NULL,0,0,NULL),('08224',8224,NULL,'3319061310750001','SLAMET RIYADI',0,'KUDUS',NULL,0,NULL,'0',0,NULL,NULL,NULL,NULL,'-','KUDUS',NULL,NULL,NULL,NULL,'HOLO',NULL,'CONVERTING SP-2','BL','MNDR','1350007505918',NULL,NULL,NULL,'1','andy',NULL,'192.168.17.39','andy',NULL,'fe80::2c78:65a8:66ba:d736%12',NULL,NULL,0,NULL,0,0,NULL),('10189',10189,NULL,'3319060601770002','SUKARNO',0,'KUDUS',NULL,0,NULL,'0',0,NULL,NULL,NULL,NULL,'-','KUDUS',NULL,NULL,NULL,NULL,'HOLO',NULL,'CONVERTING SP-2','BL','MNDR','1350007511270',NULL,NULL,NULL,'1','andy',NULL,'192.168.17.39','andy',NULL,'fe80::2c78:65a8:66ba:d736%12',NULL,NULL,0,NULL,0,0,NULL),('03207',3207,NULL,NULL,'ENY KUSUMAWATI',0,NULL,NULL,0,NULL,'0',0,NULL,NULL,NULL,NULL,NULL,NULL,NULL,NULL,NULL,NULL,'HOLO',NULL,'COST \nCONTROL','BL','MNDR','1350007041229',NULL,NULL,NULL,'0','andy',NULL,'192.168.17.39','hrholo2',NULL,'192.168.17.39',NULL,NULL,NULL,NULL,NULL,NULL,NULL),('08008',8008,NULL,'3319036505730004','SRI MARGAYANI',0,'KUDUS',NULL,0,NULL,'0',0,NULL,NULL,NULL,NULL,'-','KUDUS',NULL,NULL,NULL,NULL,'HOLO',NULL,'COST CONTROL','BL','MNDR','1350007041302',NULL,NULL,NULL,'1','andy',NULL,'192.168.17.39','andy',NULL,'fe80::2c78:65a8:66ba:d736%12',NULL,NULL,0,NULL,1,0,NULL),('09151',9151,NULL,'3319021202720005','M ROFIK CHALIMI',0,'KUDUS',NULL,0,NULL,'0',0,NULL,NULL,NULL,NULL,'BURIKAN NO 393','KUDUS',NULL,NULL,NULL,NULL,'HOLO',NULL,'EMBOSS SP-2','BL','MNDR','1350007506999',NULL,NULL,NULL,'1','andy',NULL,'192.168.17.39','andy',NULL,'fe80::2c78:65a8:66ba:d736%12',NULL,NULL,0,NULL,0,0,NULL),('07901',7901,NULL,'3319011912770002','MUKHTADI',0,'KUDUS',NULL,0,NULL,'0',0,NULL,NULL,NULL,NULL,'KUDUS-JEPARA','KUDUS',NULL,NULL,NULL,NULL,'HOLO',NULL,'EMBOSS SP-2','BL','MNDR','1350007505876',NULL,NULL,NULL,'1','andy',NULL,'192.168.17.39','andy',NULL,'fe80::2c78:65a8:66ba:d736%12',NULL,NULL,0,NULL,0,0,NULL),('08227',8227,NULL,'3319042101780002','TAUFIQUDIN D',0,'KUDUS',NULL,0,NULL,'0',0,NULL,NULL,NULL,NULL,'RAYA KUDUS PURWODADI','KUDUS',NULL,NULL,NULL,NULL,'HOLO',NULL,'EMBOSS SP-2','BL','MNDR','1350007507039',NULL,NULL,NULL,'1','andy',NULL,'192.168.17.39','hrholo2',NULL,'192.168.17.39',NULL,NULL,0,NULL,0,0,NULL),('04288',4288,NULL,'3319034512640002','FATIMAH',0,'KUDUS',NULL,0,NULL,'0',0,NULL,NULL,NULL,NULL,'-','KUDUS',NULL,NULL,NULL,NULL,'HOLO',NULL,'FINISHING SP-2','BL','MNDR','1350007040353',NULL,NULL,NULL,'1','andy',NULL,'192.168.17.39','andy',NULL,'fe80::2c78:65a8:66ba:d736%12',NULL,NULL,0,NULL,1,0,NULL),('09550',9550,NULL,NULL,'NOOR FARIKHAH',0,NULL,NULL,0,NULL,'0',0,NULL,NULL,NULL,NULL,NULL,NULL,NULL,NULL,NULL,NULL,'HOLO',NULL,'FINISHING SP-2','BL','MNDR','1350007552951',NULL,NULL,NULL,'0','andy',NULL,'192.168.17.39','hrholo2',NULL,'192.168.17.39',NULL,NULL,NULL,NULL,NULL,NULL,NULL),('07888',7888,NULL,NULL,'HARYADI',0,NULL,NULL,0,NULL,'0',0,NULL,NULL,NULL,NULL,NULL,NULL,NULL,NULL,NULL,NULL,'HOLO',NULL,'SATPAM','BL','MNDR','1350007510603',NULL,NULL,NULL,'0','andy',NULL,'192.168.17.39','hrholo2',NULL,'192.168.17.22',NULL,NULL,NULL,NULL,NULL,NULL,NULL),('92986',92986,NULL,NULL,'SUPRIYANTI',NULL,NULL,NULL,0,NULL,NULL,0,NULL,NULL,NULL,NULL,NULL,NULL,NULL,NULL,NULL,NULL,'HOLO',NULL,'FINISHING1','KT',NULL,NULL,NULL,NULL,NULL,'0','lastri',NULL,'192.168.26.205','lastri',NULL,'192.168.26.205',NULL,NULL,0,NULL,0,NULL,NULL),('06772',6772,NULL,NULL,'SUHARTONO (B)',0,NULL,NULL,0,NULL,'0',0,NULL,NULL,NULL,NULL,NULL,NULL,NULL,NULL,NULL,NULL,'HOLO',NULL,'SATPAM SP-2','BL','MNDR','1350007510660',NULL,NULL,NULL,'0','andy',NULL,'192.168.17.39','hrholo2',NULL,'192.168.17.39',NULL,NULL,0,NULL,NULL,NULL,NULL),('10322',10322,NULL,'3319030810790013','WIJANARKO',0,'KUDUS',NULL,0,NULL,'0',0,NULL,NULL,NULL,NULL,'PATTIMURA','KUDUS',NULL,NULL,NULL,NULL,'HOLO',NULL,'EMBOSS SP-2','BL','MNDR','1350007505892',NULL,NULL,NULL,'1','andy',NULL,'192.168.17.39','andy',NULL,'fe80::2c78:65a8:66ba:d736%12',NULL,NULL,0,NULL,0,0,NULL),('04296',4296,NULL,'3319062308680002','AGUS SUSANTO',0,'KUDUS',NULL,0,NULL,NULL,0,NULL,NULL,NULL,NULL,'-','KUDUS',NULL,NULL,NULL,NULL,'HOLO',NULL,'GUDANG SP-2','BL','MNDR','1350007509795',NULL,NULL,NULL,'1','hrholo2',NULL,'192.168.17.22','andy',NULL,'fe80::2c78:65a8:66ba:d736%12',NULL,NULL,0,NULL,0,0,NULL),('11481',11481,NULL,'3171042601780003','JOHN SAPPA PATIBANG',0,'MAKASSAR',NULL,0,NULL,NULL,2,NULL,NULL,NULL,NULL,'JL JAMBRUT NO. 11 A','JAKARTA PUSAT',NULL,NULL,NULL,NULL,'HOLO',NULL,'UMUM-2','BL','MNDR','1350007437575',NULL,NULL,NULL,'1','hrholo2',NULL,'192.168.17.22','andy',NULL,'fe80::2c78:65a8:66ba:d736%12',NULL,NULL,0,NULL,0,1,NULL),('09738',9738,NULL,'331903160877007','AGUS TIMUR KRISTIYANTO',0,'KUDUS',NULL,0,NULL,NULL,0,NULL,NULL,NULL,NULL,'-','KUDUS',NULL,NULL,NULL,NULL,'HOLO',NULL,'QC-2','BL','MNDR','1350007504846',NULL,NULL,NULL,'1','hrholo2',NULL,'192.168.17.22','andy',NULL,'fe80::2c78:65a8:66ba:d736%12',NULL,NULL,0,NULL,0,0,NULL),('83849',83849,NULL,NULL,'EVA PRATAMA N',NULL,NULL,NULL,0,NULL,NULL,0,NULL,NULL,NULL,NULL,NULL,NULL,NULL,NULL,NULL,NULL,'HOLO',NULL,'OUT KOP-2','OS',NULL,NULL,NULL,NULL,NULL,'1','hrholo2',NULL,'192.168.17.39','hrholo2',NULL,'192.168.17.39',NULL,NULL,0,NULL,1,NULL,NULL),('09277',9277,NULL,'3318010608760004','AGUS CHOLIM',0,'PATI',NULL,0,NULL,NULL,0,NULL,NULL,NULL,NULL,'-','PATI',NULL,NULL,NULL,NULL,'HOLO',NULL,'STAMPING SP-2','BL','MNDR','1350007511619',NULL,NULL,NULL,'1','hrholo2',NULL,'192.168.17.22','andy',NULL,'fe80::2c78:65a8:66ba:d736%12',NULL,NULL,0,NULL,0,0,NULL),('10001',10001,NULL,NULL,'MISBACHUL ALAM',0,NULL,NULL,0,NULL,NULL,0,NULL,NULL,NULL,NULL,NULL,NULL,NULL,NULL,NULL,'KOP','HOLO',NULL,'OUTSOURCING -KOP','OS',NULL,NULL,NULL,NULL,NULL,'1','lastri',NULL,'192.168.26.205','lastri',NULL,'192.168.26.205',NULL,NULL,0,NULL,NULL,NULL,NULL),('93000',93000,NULL,'3319045712920004','SRI AMALIA',NULL,'KUDUS',NULL,0,NULL,NULL,0,NULL,NULL,NULL,NULL,'-','KUDUS',NULL,NULL,NULL,NULL,'HOLO',NULL,'FINISHING SP-2','KT','MNDR','1350010625398',NULL,NULL,NULL,'1','hrholo2',NULL,'192.168.17.39','andy',NULL,'fe80::2c78:65a8:66ba:d736%12',NULL,NULL,0,NULL,1,1,NULL),('34951',34951,NULL,NULL,'MUSALIS RIDHOLLOH',0,NULL,NULL,0,NULL,NULL,0,NULL,NULL,NULL,NULL,NULL,NULL,NULL,NULL,NULL,NULL,'HOLO',NULL,'OUT-CAKAP -2','OS','-',NULL,NULL,NULL,NULL,'1','hrholo2',NULL,'192.168.17.22','hrholo2',NULL,'192.168.17.39',NULL,NULL,0,NULL,NULL,NULL,NULL),('08166',8166,NULL,NULL,'SULIPAH',1,NULL,NULL,0,NULL,NULL,0,'SLTA',NULL,NULL,NULL,NULL,NULL,NULL,NULL,NULL,NULL,'HOLO',NULL,'SATPAM1','BL','MNDR','1350007509662',NULL,NULL,NULL,'0','lastri',NULL,'192.168.26.205','hrholo',NULL,'192.168.26.205',NULL,NULL,0,NULL,NULL,NULL,NULL),('08447',8447,NULL,'3319031801720002','SUTARDI',0,'KUDUS',NULL,0,NULL,'0',0,NULL,NULL,NULL,NULL,'UMK','KUDUS',NULL,NULL,NULL,NULL,'HOLO',NULL,'FINISH-SC','BL','MNDR','1350007509571',NULL,NULL,NULL,'1','andy',NULL,'192.168.17.39','andy',NULL,'fe80::2c78:65a8:66ba:d736%12',NULL,NULL,0,NULL,0,0,NULL),('20697',20697,NULL,NULL,'BAYU WISNU MURTI',NULL,NULL,NULL,0,NULL,NULL,0,NULL,NULL,NULL,NULL,NULL,NULL,NULL,NULL,NULL,'CKP','HOLO',NULL,'OUT-CAKAP -2','OS',NULL,NULL,NULL,NULL,NULL,'0','hrholo2',NULL,'192.168.17.39','hrholo2',NULL,'192.168.17.39',NULL,NULL,0,NULL,0,0,NULL),('00001',1,NULL,NULL,'MUHAMAMAD SALIM',NULL,NULL,NULL,0,NULL,NULL,0,NULL,NULL,NULL,NULL,NULL,NULL,NULL,NULL,NULL,NULL,'HOLO',NULL,'RAJANG','HL',NULL,NULL,NULL,NULL,NULL,'0','hrholo2',NULL,'192.168.17.39','hrholo2',NULL,'192.168.17.39',NULL,NULL,0,NULL,0,1,NULL),('00002',2,NULL,NULL,'M.ISLAHUDIN',NULL,NULL,NULL,0,NULL,NULL,0,NULL,NULL,NULL,NULL,NULL,NULL,NULL,NULL,NULL,NULL,'HOLO',NULL,'RAJANG','HL',NULL,NULL,NULL,NULL,NULL,'0','hrholo2',NULL,'192.168.17.39','hrholo2',NULL,'192.168.17.39',NULL,NULL,0,NULL,0,1,NULL),('00003',3,NULL,NULL,'ARIF SETYAWAN',NULL,NULL,NULL,0,NULL,NULL,0,NULL,NULL,NULL,NULL,NULL,NULL,NULL,NULL,NULL,NULL,'HOLO',NULL,'RAJANG','HL',NULL,NULL,NULL,NULL,NULL,'0','hrholo2',NULL,'192.168.17.39','hrholo2',NULL,'192.168.17.39',NULL,NULL,0,NULL,0,1,NULL),('00004',4,NULL,NULL,'ASROFI',NULL,NULL,NULL,0,NULL,NULL,0,NULL,NULL,NULL,NULL,NULL,NULL,NULL,NULL,NULL,NULL,'HOLO',NULL,'RAJANG','HL',NULL,NULL,NULL,NULL,NULL,'0','hrholo2',NULL,'192.168.17.39','hrholo2',NULL,'192.168.17.39',NULL,NULL,0,NULL,0,0,NULL),('00005',5,NULL,NULL,'SOKRAN',NULL,NULL,NULL,0,NULL,NULL,0,NULL,NULL,NULL,NULL,NULL,NULL,NULL,NULL,NULL,NULL,'HOLO',NULL,'RAJANG','HL',NULL,NULL,NULL,NULL,NULL,'0','hrholo2',NULL,'192.168.17.39','hrholo2',NULL,'192.168.17.39',NULL,NULL,0,NULL,0,0,NULL),('00006',6,NULL,NULL,'NURUL IMAN',NULL,NULL,NULL,0,NULL,NULL,0,NULL,NULL,NULL,NULL,NULL,NULL,NULL,NULL,NULL,NULL,'HOLO',NULL,'RAJANG','HL',NULL,NULL,NULL,NULL,NULL,'0','hrholo2',NULL,'192.168.17.39','hrholo2',NULL,'192.168.17.39',NULL,NULL,0,NULL,0,0,NULL),('00007',7,NULL,NULL,'AGUS SANTOSO',NULL,NULL,NULL,0,NULL,NULL,0,NULL,NULL,NULL,NULL,NULL,NULL,NULL,NULL,NULL,NULL,'HOLO',NULL,'RAJANG','HL',NULL,NULL,NULL,NULL,NULL,'0','hrholo2',NULL,'192.168.17.39','hrholo2',NULL,'192.168.17.39',NULL,NULL,0,NULL,0,0,NULL),('00008',8,NULL,NULL,'ALI MUNDHOFAR',NULL,NULL,NULL,0,NULL,NULL,0,NULL,NULL,NULL,NULL,NULL,NULL,NULL,NULL,NULL,NULL,'HOLO',NULL,'RAJANG','HL',NULL,NULL,NULL,NULL,NULL,'0','hrholo2',NULL,'192.168.17.39','hrholo2',NULL,'192.168.17.39',NULL,NULL,0,NULL,0,0,NULL),('00009',9,NULL,NULL,'DESKI REVANDI P',NULL,NULL,NULL,0,NULL,NULL,0,NULL,NULL,NULL,NULL,NULL,NULL,NULL,NULL,NULL,NULL,'HOLO',NULL,'RAJANG','HL',NULL,NULL,NULL,NULL,NULL,'0','hrholo2',NULL,'192.168.17.39','hrholo2',NULL,'192.168.17.39',NULL,NULL,0,NULL,0,1,NULL),('00010',10,NULL,NULL,'ALI MAHMUDI',NULL,NULL,NULL,0,NULL,NULL,0,NULL,NULL,NULL,NULL,NULL,NULL,NULL,NULL,NULL,NULL,'HOLO',NULL,'RAJANG','HL',NULL,NULL,NULL,NULL,NULL,'0','hrholo2',NULL,'192.168.17.39','hrholo2',NULL,'192.168.17.39',NULL,NULL,0,NULL,0,0,NULL),('00011',11,NULL,NULL,'MOHAMAD KHIRUL ANAM',NULL,NULL,NULL,0,NULL,NULL,0,NULL,NULL,NULL,NULL,NULL,NULL,NULL,NULL,NULL,NULL,'HOLO',NULL,'RAJANG','HL',NULL,NULL,NULL,NULL,NULL,'0','hrholo2',NULL,'192.168.17.39','hrholo2',NULL,'192.168.17.39',NULL,NULL,0,NULL,0,1,NULL),('93661',93661,NULL,'3304164603870004','IVANA KURNIATI SARI DEWI',NULL,'BANJARNEGARA',NULL,0,NULL,NULL,0,NULL,NULL,NULL,NULL,'KEPAKISAN','BANJARNEGERA',NULL,NULL,NULL,NULL,'HOLO',NULL,'KAL-2','KT','MNDR','1350014229155',NULL,NULL,NULL,'1','hrholo2',NULL,'192.168.17.39','andy',NULL,'fe80::2c78:65a8:66ba:d736%12',NULL,NULL,1,NULL,1,0,NULL),('81376',81376,NULL,NULL,'IKA KUSUMA WARDANI',NULL,NULL,NULL,0,NULL,NULL,0,NULL,NULL,NULL,NULL,NULL,NULL,NULL,NULL,NULL,'KOP','HOLO',NULL,'OUT KOP-2','OS',NULL,NULL,NULL,NULL,NULL,'1','hrholo2',NULL,'192.168.17.39','hrholo2',NULL,'192.168.17.39',NULL,NULL,0,NULL,0,NULL,NULL),('13971',13971,NULL,NULL,'AHMAD RIZA TAUFIQUR ROHMAN',NULL,NULL,NULL,0,NULL,NULL,0,NULL,NULL,NULL,NULL,NULL,NULL,NULL,NULL,NULL,'CKP','HOLO',NULL,'OUT-CAKAP -2','OS',NULL,NULL,NULL,NULL,NULL,'1','hrholo2',NULL,'192.168.17.39','hrholo2',NULL,'192.168.17.39',NULL,NULL,0,NULL,0,NULL,NULL),('00013',13,NULL,NULL,'ANTON SUJARWO',NULL,NULL,NULL,0,NULL,NULL,0,NULL,NULL,NULL,NULL,NULL,NULL,NULL,NULL,NULL,NULL,'HOLO',NULL,'RAJANG','HL',NULL,NULL,NULL,NULL,NULL,'0','hrholo2',NULL,'192.168.17.39','hrholo2',NULL,'192.168.17.39',NULL,NULL,0,NULL,0,0,NULL),('00014',14,NULL,NULL,'AMIR WAHYUDI',NULL,NULL,NULL,0,NULL,NULL,0,NULL,NULL,NULL,NULL,NULL,NULL,NULL,NULL,NULL,NULL,'HOLO',NULL,'RAJANG','HL',NULL,NULL,NULL,NULL,NULL,'0','hrholo2',NULL,'192.168.17.39','hrholo2',NULL,'192.168.17.39',NULL,NULL,0,NULL,0,0,NULL),('00015',15,NULL,NULL,'AGUS SALIM',NULL,NULL,NULL,0,NULL,NULL,0,NULL,NULL,NULL,NULL,NULL,NULL,NULL,NULL,NULL,NULL,'HOLO',NULL,'RAJANG','HL',NULL,NULL,NULL,NULL,NULL,'0','hrholo2',NULL,'192.168.17.39','hrholo2',NULL,'192.168.17.39',NULL,NULL,0,NULL,0,1,NULL),('00016',16,NULL,NULL,'ARISA  PANJI . A',NULL,NULL,NULL,0,NULL,NULL,0,NULL,NULL,NULL,NULL,NULL,NULL,NULL,NULL,NULL,NULL,'HOLO',NULL,'RAJANG','HL',NULL,NULL,NULL,NULL,NULL,'0','hrholo2',NULL,'192.168.17.39','hrholo2',NULL,'192.168.17.39',NULL,NULL,0,NULL,0,1,NULL),('07825',7825,NULL,'3319031804730002','AGUS MUNTAROM',0,'KUDUS',NULL,0,NULL,'0',0,NULL,NULL,NULL,NULL,'-','KUDUS',NULL,NULL,NULL,NULL,'HOLO',NULL,'PONZ','BL','MNDR','1350007509472',NULL,NULL,NULL,'1','andy',NULL,'192.168.17.39','andy',NULL,'fe80::2c78:65a8:66ba:d736%12',NULL,NULL,0,NULL,0,0,NULL),('08207',8207,NULL,'3319051405770003','AKHIYANTO',0,'KUDUS',NULL,0,NULL,'0',0,NULL,NULL,NULL,NULL,'-','KUDUS',NULL,NULL,NULL,NULL,'HOLO',NULL,'STAMPING SP-2','BL','MNDR','1350007511577',NULL,NULL,NULL,'1','andy',NULL,'192.168.17.39','andy',NULL,'fe80::2c78:65a8:66ba:d736%12',NULL,NULL,0,NULL,0,0,NULL),('09215',9215,NULL,'3319010206710002','DEDY BUDI R',0,'BANJARNEGARA',NULL,0,NULL,'0',0,NULL,NULL,NULL,NULL,'KUDUS PERMAI 17 NO 7','KUDUS',NULL,NULL,NULL,NULL,'HOLO',NULL,'STUDIO1','BL','MNDR','1350007028143',NULL,NULL,NULL,'1','andy',NULL,'192.168.17.39','beautiful',NULL,'192.168.26.206',NULL,NULL,1,NULL,0,0,NULL),('08691',8691,NULL,'3319032911760001','EDY SUPRAPTO',0,'KUDUS',NULL,0,NULL,'0',0,NULL,NULL,NULL,NULL,'JALUR LINGKAR (SIMANGU)','KUDUS',NULL,NULL,NULL,NULL,'HOLO',NULL,'STAMPING SP-2','BL','MNDR','1350007511536',NULL,NULL,NULL,'1','andy',NULL,'192.168.17.39','andy',NULL,'fe80::2c78:65a8:66ba:d736%12',NULL,NULL,0,NULL,0,0,NULL),('00368',368,NULL,'3319022908680003','EDY SUSILO',0,'KUDUS',NULL,0,NULL,'0',0,NULL,NULL,NULL,NULL,'HOS COKROAMINOTO','KUDUS',NULL,NULL,NULL,NULL,'HOLO',NULL,'QC-2','BL','MNDR','1350007041245',NULL,NULL,NULL,'1','andy',NULL,'192.168.17.39','andy',NULL,'fe80::2c78:65a8:66ba:d736%12',NULL,NULL,0,NULL,0,0,NULL),('08223',8223,NULL,'3319082607730003','IMAM YULIANTO',0,'KUDUS',NULL,0,NULL,'0',0,NULL,NULL,NULL,NULL,'-','KUDUS',NULL,NULL,NULL,NULL,'HOLO',NULL,'STAMPING SP-2','BL','MNDR','1350007514787',NULL,NULL,NULL,'1','andy',NULL,'192.168.17.39','andy',NULL,'fe80::2c78:65a8:66ba:d736%12',NULL,NULL,0,NULL,0,0,NULL),('92946',92946,NULL,'3319030204820001','JATMIN',0,'KUDUS',NULL,0,NULL,NULL,0,'SLTA',NULL,NULL,NULL,'-','KUDUS',NULL,NULL,NULL,NULL,'HOLO',NULL,'TEKNISI1','KT','MNDR','9000024774029',NULL,NULL,NULL,'1','lastri',NULL,'192.168.26.205','andy',NULL,'fe80::2c78:65a8:66ba:d736%12',NULL,NULL,0,NULL,0,0,NULL),('09863',9863,NULL,'3319032206780001','JONIYANTO',0,'KUDUS',NULL,0,NULL,'0',0,NULL,NULL,NULL,NULL,'-','KUDUS',NULL,NULL,NULL,NULL,'HOLO',NULL,'CETAK','BL','MNDR','1350007509480',NULL,NULL,NULL,'1','andy',NULL,'192.168.17.39','andy',NULL,'fe80::2c78:65a8:66ba:d736%12',NULL,NULL,0,NULL,0,1,NULL),('09979',9979,NULL,'3319034808800014','JUMILAH',0,'KUDUS',NULL,0,NULL,'0',0,NULL,NULL,NULL,NULL,'RAYA KUDUS-PATI','KUDUS',NULL,NULL,NULL,NULL,'HOLO',NULL,'QC-2','BL','MNDR','1350007511262',NULL,NULL,NULL,'1','andy',NULL,'192.168.17.39','andy',NULL,'fe80::2c78:65a8:66ba:d736%12',NULL,NULL,0,NULL,1,0,NULL),('10323',10323,NULL,'3319062003790001','M AFIF',0,'KUDUS',NULL,0,NULL,'0',0,NULL,NULL,NULL,NULL,'HASTRONO NO 72','KUDUS',NULL,NULL,NULL,NULL,'HOLO',NULL,'CONVERTING SP-2','BL','MNDR','1350007505850',NULL,NULL,NULL,'1','andy',NULL,'192.168.17.39','andy',NULL,'fe80::2c78:65a8:66ba:d736%12',NULL,NULL,0,NULL,0,0,NULL),('04776',4776,NULL,'3319022310700002','M. MILKHAN',0,'KUDUS',NULL,0,NULL,'0',0,NULL,NULL,NULL,NULL,'HOS COKROAMINOTO','KUDUS',NULL,NULL,NULL,NULL,'HOLO',NULL,'UMUM-2','BL','MNDR','1350007511353',NULL,NULL,NULL,'1','andy',NULL,'192.168.17.39','andy',NULL,'fe80::2c78:65a8:66ba:d736%12',NULL,NULL,0,NULL,0,0,NULL),('07999',7999,NULL,'3321080603770001','M.TAUFIQ',0,'DEMAK',NULL,0,NULL,'0',0,NULL,NULL,NULL,NULL,'GAJAH DEMPET','DEMAK',NULL,NULL,NULL,NULL,'HOLO',NULL,'PRODUKSI SP-2','BL','MNDR','1350007041146',NULL,NULL,NULL,'1','andy',NULL,'192.168.17.39','andy',NULL,'fe80::2c78:65a8:66ba:d736%12',NULL,NULL,0,NULL,0,0,NULL),('00020',20,NULL,NULL,'RUSMANTO',NULL,NULL,NULL,0,NULL,NULL,0,NULL,NULL,NULL,NULL,NULL,NULL,NULL,NULL,NULL,NULL,'HOLO',NULL,'RAJANG','HL',NULL,NULL,NULL,NULL,NULL,'0','hrholo2',NULL,'192.168.17.39','hrholo2',NULL,'192.168.17.39',NULL,NULL,0,NULL,0,1,NULL),('00021',21,NULL,NULL,'YUDHA SAKTI AJI',NULL,NULL,NULL,0,NULL,NULL,0,NULL,NULL,NULL,NULL,NULL,NULL,NULL,NULL,NULL,NULL,'HOLO',NULL,'RAJANG','HL',NULL,NULL,NULL,NULL,NULL,'0','hrholo2',NULL,'192.168.17.39','hrholo2',NULL,'192.168.17.39',NULL,NULL,0,NULL,0,0,NULL),('00022',22,NULL,NULL,'KASNAWI',NULL,NULL,NULL,0,NULL,NULL,0,NULL,NULL,NULL,NULL,NULL,NULL,NULL,NULL,NULL,NULL,'HOLO',NULL,'RAJANG','HL',NULL,NULL,NULL,NULL,NULL,'0','hrholo2',NULL,'192.168.17.39','hrholo2',NULL,'192.168.17.39',NULL,NULL,0,NULL,0,0,NULL),('92977',92977,NULL,NULL,'ENDANG PA',NULL,NULL,NULL,0,NULL,NULL,0,NULL,NULL,NULL,NULL,NULL,NULL,NULL,NULL,NULL,NULL,'HOLO',NULL,'RAJANG','HL',NULL,NULL,NULL,NULL,NULL,'0','hrholo2',NULL,'192.168.17.39','hrholo2',NULL,'192.168.17.39',NULL,NULL,0,NULL,0,0,NULL),('92978',92978,NULL,NULL,'ROCHMAH',NULL,NULL,NULL,0,NULL,NULL,0,NULL,NULL,NULL,NULL,NULL,NULL,NULL,NULL,NULL,NULL,'HOLO',NULL,'RAJANG','HL',NULL,NULL,NULL,NULL,NULL,'0','hrholo2',NULL,'192.168.17.39','hrholo2',NULL,'192.168.17.39',NULL,NULL,0,NULL,0,0,NULL),('11892',92118,NULL,NULL,'RUDY HARTANTO',NULL,NULL,NULL,0,NULL,NULL,0,NULL,NULL,NULL,NULL,NULL,NULL,NULL,NULL,NULL,NULL,'HOLO',NULL,'PEMBELIAN','BL','MNDR','9000014326319',NULL,NULL,NULL,'1','hrholo2',NULL,'192.168.17.39','hrholo2',NULL,'192.168.17.39',NULL,NULL,1,NULL,0,0,NULL),('59616',59616,NULL,'3319050206960002','MOCHAMMAD BAHAR MUHARROM AR \nRIZKI',NULL,NULL,NULL,0,NULL,NULL,0,NULL,NULL,NULL,NULL,NULL,NULL,NULL,NULL,NULL,'CKP','HOLO',NULL,'OUT-CAKAP -2','OS',NULL,NULL,NULL,NULL,NULL,'1','hrholo2',NULL,'192.168.17.39','hrholo2',NULL,'192.168.17.39',NULL,NULL,0,NULL,0,1,NULL),('08161',8161,NULL,'3319030706760001','SLAMET RIYANTO',0,'KUDUS',NULL,0,NULL,'0',0,NULL,NULL,NULL,NULL,'-','KUDUS',NULL,NULL,NULL,NULL,'HOLO',NULL,'STAMPING SP-2','BL','MNDR','1350007514480',NULL,NULL,NULL,'1','andy',NULL,'192.168.17.39','andy',NULL,'fe80::2c78:65a8:66ba:d736%12',NULL,NULL,0,NULL,0,0,NULL),('05258',5258,NULL,'3319030105720001','SUGITO',0,'KUDUS',NULL,0,NULL,'0',0,NULL,NULL,NULL,NULL,'-','KUDUS',NULL,NULL,NULL,NULL,'HOLO',NULL,'STAMPING SP-2','BL','MNDR','1350007028770',NULL,NULL,NULL,'1','andy',NULL,'192.168.17.39','andy',NULL,'fe80::2c78:65a8:66ba:d736%12',NULL,NULL,0,NULL,0,0,NULL),('08221',8221,NULL,'3319050208700001','SUPENO',0,'KUDUS',NULL,0,NULL,'0',0,NULL,NULL,NULL,NULL,'SURYO KUSUMO','KUDUS',NULL,NULL,NULL,NULL,'HOLO',NULL,'STAMPING SP-2','BL','MNDR','1350007514431',NULL,NULL,NULL,'1','andy',NULL,'192.168.17.39','andy',NULL,'fe80::2c78:65a8:66ba:d736%12',NULL,NULL,0,NULL,0,0,NULL),('09783',9783,NULL,'3319024406760006','ZULI ANITA',0,'KUDUS',NULL,0,NULL,'0',0,NULL,NULL,NULL,NULL,'KH ARWANI','KUDUS',NULL,NULL,NULL,NULL,'HOLO',NULL,'QC-2','BL','MNDR','1350007506551',NULL,NULL,NULL,'1','andy',NULL,'192.168.17.39','andy',NULL,'fe80::2c78:65a8:66ba:d736%12',NULL,NULL,0,NULL,1,0,NULL),('09616',9616,NULL,'3319020503790005','DANIAL YUSWORO',0,'KUDUS',NULL,0,NULL,'0',0,NULL,NULL,NULL,NULL,'JEND SUDIRMAN NO 719','KUDUS',NULL,NULL,NULL,NULL,'HOLO',NULL,'TEKNISI SP-2','BL','MNDR','1350007509944',NULL,NULL,NULL,'1','andy',NULL,'192.168.17.39','andy',NULL,'fe80::2c78:65a8:66ba:d736%12',NULL,NULL,0,NULL,0,0,NULL),('10190',10190,NULL,'3319060902800001','EKO MULYANTO',0,'KUDUS',NULL,0,NULL,'0',0,NULL,NULL,NULL,NULL,'-','KUDUS',NULL,NULL,NULL,NULL,'HOLO',NULL,'TEKNISI SP-2','BL','MNDR','1350007510033',NULL,NULL,NULL,'1','andy',NULL,'192.168.17.39','andy',NULL,'fe80::2c78:65a8:66ba:d736%12',NULL,NULL,0,NULL,0,0,NULL),('03333',3333,NULL,'3319010408630002','MARDIYONO',0,'KUDUS',NULL,0,NULL,'0',0,NULL,NULL,NULL,NULL,'JEPARA','KUDUS',NULL,NULL,NULL,NULL,'HOLO',NULL,'TEKNISI1','BL','MNDR','1350007510009',NULL,NULL,NULL,'1','andy',NULL,'192.168.17.39','andy',NULL,'fe80::2c78:65a8:66ba:d736%12',NULL,NULL,0,NULL,0,0,NULL),('07615',7615,NULL,'3319070307750002','MUHAMMAD RAMIJAN',0,'KUDUS',NULL,0,NULL,'0',0,NULL,NULL,NULL,NULL,'-','KUDUS',NULL,NULL,NULL,NULL,'HOLO',NULL,'TEKNISI SP-2','BL','MNDR','1350007028754',NULL,NULL,NULL,'1','andy',NULL,'192.168.17.39','andy',NULL,'fe80::2c78:65a8:66ba:d736%12',NULL,NULL,0,NULL,0,0,NULL),('10257',10257,NULL,'3319030512810006','SUPRIYADI',0,'KUDUS',NULL,0,NULL,'0',0,NULL,NULL,NULL,NULL,'PURA','KUDUS',NULL,NULL,NULL,NULL,'HOLO',NULL,'TEKNISI SP-2','BL','MNDR','1350007510025',NULL,NULL,NULL,'1','andy',NULL,'192.168.17.39','andy',NULL,'fe80::2c78:65a8:66ba:d736%12',NULL,NULL,0,NULL,0,0,NULL),('07857',7857,NULL,'3319064808700004','WIWIN ENDARWATI',0,'KUDUS',NULL,0,NULL,'0',0,NULL,NULL,NULL,NULL,'-','KUDUS',NULL,NULL,NULL,NULL,'HOLO',NULL,'TEKNISI SP-2','BL','MNDR','1350007028747',NULL,NULL,NULL,'1','andy',NULL,'192.168.17.39','andy',NULL,'fe80::2c78:65a8:66ba:d736%12',NULL,NULL,0,NULL,1,0,NULL),('06769',6769,NULL,'3319071106680002','AGUS TAUFIK',0,'KUDUS',NULL,0,NULL,'0',0,NULL,NULL,NULL,NULL,'ALI MAHMUDI','KUDUS',NULL,NULL,NULL,NULL,'HOLO',NULL,'UMUM-2','BL','MNDR','1350007511403',NULL,NULL,NULL,'1','andy',NULL,'192.168.17.39','andy',NULL,'fe80::2c78:65a8:66ba:d736%12',NULL,NULL,0,NULL,0,0,NULL),('08004',8004,NULL,NULL,'ARIF EKO WICAKSONO',0,NULL,NULL,0,NULL,'0',0,NULL,NULL,NULL,NULL,NULL,NULL,NULL,NULL,NULL,NULL,'HOLO',NULL,'UMUM-2','BL','MNDR','1350007510108',NULL,NULL,NULL,'0','andy',NULL,'192.168.17.39','hrholo2',NULL,'192.168.17.39',NULL,NULL,0,NULL,NULL,NULL,NULL),('08440',8440,NULL,'3319030905750012','BAHTIAR AGUNG N',0,'KUDUS',NULL,0,NULL,'0',0,NULL,NULL,NULL,NULL,'-','KUDUS',NULL,NULL,NULL,NULL,'HOLO',NULL,'UMUM-2','BL','MNDR','1350007511361',NULL,NULL,NULL,'1','andy',NULL,'192.168.17.39','andy',NULL,'fe80::2c78:65a8:66ba:d736%12',NULL,NULL,0,NULL,0,0,NULL),('10731',10731,NULL,'3319020102780001','HIMAWAN TS',0,'KUDUS',NULL,0,NULL,'0',1,NULL,NULL,NULL,NULL,'KAYUAPU KULON','KUDUS',NULL,NULL,NULL,NULL,'HOLO',NULL,'UMUM-2','BL','MNDR','1350007509936',NULL,NULL,NULL,'1','andy',NULL,'192.168.17.39','andy',NULL,'fe80::2c78:65a8:66ba:d736%12',NULL,NULL,0,NULL,0,0,NULL),('08429',8429,NULL,'3319021011760007','KARMINTO',0,'KUDUS',NULL,0,NULL,'0',0,NULL,NULL,NULL,NULL,'HOSCOKROAMINOTO','KUDUS',NULL,NULL,NULL,NULL,'HOLO',NULL,'UMUM-2','BL','MNDR','1350007511387',NULL,NULL,NULL,'1','andy',NULL,'192.168.17.39','andy',NULL,'fe80::2c78:65a8:66ba:d736%12',NULL,NULL,0,NULL,0,0,NULL),('08011',8011,NULL,'3319051703700001','KUSWANDI',0,'KUDUS',NULL,0,NULL,'0',0,NULL,NULL,NULL,NULL,'-','KUDUS',NULL,NULL,NULL,NULL,'HOLO',NULL,'UMUM-2','BL','MNDR','1350007511304',NULL,NULL,NULL,'1','andy',NULL,'192.168.17.39','andy',NULL,'fe80::2c78:65a8:66ba:d736%12',NULL,NULL,0,NULL,0,0,NULL),('02358',2358,NULL,'3319031003650008','M.MUNIR',0,'DEMAK',NULL,0,NULL,'0',0,NULL,NULL,NULL,NULL,'-','KUDUS',NULL,NULL,NULL,NULL,'HOLO',NULL,'UMUM-2','BL','MNDR','1350007509928',NULL,NULL,NULL,'1','andy',NULL,'192.168.17.39','andy',NULL,'fe80::2c78:65a8:66ba:d736%12',NULL,NULL,0,NULL,0,0,NULL),('08005',8005,NULL,'3319061509690001','PURWANTO',0,'KUDUS',NULL,0,NULL,'0',0,NULL,NULL,NULL,NULL,'RAYA BARENG-COLO','KUDUS',NULL,NULL,NULL,NULL,'HOLO',NULL,'UMUM-2','BL','MNDR','1350007041203',NULL,NULL,NULL,'1','andy',NULL,'192.168.17.39','andy',NULL,'fe80::2c78:65a8:66ba:d736%12',NULL,NULL,0,NULL,0,0,NULL),('10188',10188,NULL,NULL,'SAIFUDDIN',0,NULL,NULL,0,NULL,'0',0,NULL,NULL,NULL,NULL,NULL,NULL,NULL,NULL,NULL,NULL,'HOLO',NULL,'UMUM-2','BL','MNDR','1350007511296',NULL,NULL,NULL,'0','andy',NULL,'192.168.17.39','hrholo2',NULL,'192.168.17.22',NULL,NULL,NULL,NULL,NULL,NULL,NULL),('10069',10069,NULL,'3502173112660002','SISWANDHARU',0,'MADIUN',NULL,0,NULL,'0',1,NULL,NULL,NULL,NULL,'DIENG 53','PONOROGO',NULL,NULL,NULL,NULL,'HOLO',NULL,'UMUM-2','BL','MNDR','1350007029927',NULL,NULL,NULL,'1','andy',NULL,'192.168.17.39','andy',NULL,'fe80::2c78:65a8:66ba:d736%12',NULL,NULL,0,NULL,0,0,NULL),('05978',5978,NULL,'3319031107670001','SUMANI',0,'KUDUS',NULL,0,NULL,'0',0,NULL,NULL,NULL,NULL,'PURWODADI','KUDUS',NULL,NULL,NULL,NULL,'HOLO',NULL,'UMUM-2','BL','MNDR','1350007028796',NULL,NULL,NULL,'1','andy',NULL,'192.168.17.39','andy',NULL,'fe80::2c78:65a8:66ba:d736%12',NULL,NULL,0,NULL,0,0,NULL),('00672',672,NULL,'3320123101660002','SUNARTO',0,'JEPARA',NULL,0,NULL,'0',0,NULL,NULL,NULL,NULL,'-','JEPARA',NULL,NULL,NULL,NULL,'HOLO',NULL,'UMUM-2','BL','MNDR','1350007041286',NULL,NULL,NULL,'1','andy',NULL,'192.168.17.39','andy',NULL,'fe80::2c78:65a8:66ba:d736%12',NULL,NULL,0,NULL,0,0,NULL),('00164',164,NULL,'3321090303630004','SUTRISNO',0,'DEMAK',NULL,0,NULL,'0',0,NULL,NULL,NULL,NULL,'-','DEMAK',NULL,NULL,NULL,NULL,'HOLO',NULL,'UMUM-2','BL','MNDR','1350007511346',NULL,NULL,NULL,'1','andy',NULL,'192.168.17.39','andy',NULL,'fe80::2c78:65a8:66ba:d736%12',NULL,NULL,0,NULL,0,0,NULL),('07867',7867,NULL,'3319011102720001','KAMAL YASID',0,'KUDUS',NULL,0,NULL,NULL,0,NULL,NULL,NULL,NULL,'-','KUDUS',NULL,NULL,NULL,NULL,'HOLO',NULL,'EMBOSS SP-2','BL','MNDR','1350007040924',NULL,NULL,NULL,'1','lastri',NULL,'192.168.17.22','andy',NULL,'fe80::2c78:65a8:66ba:d736%12',NULL,NULL,0,NULL,0,0,NULL),('04053',4053,NULL,'331902119660004','AMIN SUROTO',0,'PURWODADI',NULL,0,NULL,NULL,0,NULL,NULL,NULL,NULL,'GANESA IV PURWOSARI \nKUDUS','KUDUS',NULL,NULL,NULL,NULL,'HOLO',NULL,'FINISH-PL','BL','MNDR','1350007028614',NULL,NULL,NULL,'1','lastri',NULL,'192.168.17.22','andy',NULL,'fe80::2c78:65a8:66ba:d736%12',NULL,NULL,0,NULL,0,0,NULL),('09253',9253,NULL,'3320041806780003','AMRI PRIYOWIBOWO',0,'KUDUS',NULL,0,NULL,NULL,0,NULL,NULL,NULL,NULL,'-','JEPARA',NULL,NULL,NULL,NULL,'HOLO',NULL,'GALVANIK','BL','MNDR','1350007028630',NULL,NULL,NULL,'1','lastri',NULL,'192.168.17.22','andy',NULL,'fe80::2c78:65a8:66ba:d736%12',NULL,NULL,0,NULL,0,0,NULL),('09941',9941,NULL,'3319060909750001','AGUS SAPUTRO',0,'TERNATE',NULL,0,NULL,NULL,0,NULL,NULL,NULL,NULL,'MANGGA','KUDUS',NULL,NULL,NULL,NULL,'HOLO',NULL,'IS SP-2','BL','MNDR','1350007508995',NULL,NULL,NULL,'1','lastri',NULL,'192.168.17.22','andy',NULL,'fe80::2c78:65a8:66ba:d736%12',NULL,NULL,0,NULL,0,0,NULL),('71215',71215,NULL,NULL,'ARIEF PRIHANDOKO U',NULL,NULL,NULL,0,NULL,NULL,0,NULL,NULL,NULL,NULL,NULL,NULL,NULL,NULL,NULL,'CKP','HOLO',NULL,'OUT-CAKAP -2','OS',NULL,NULL,NULL,NULL,NULL,'1','hrholo2',NULL,'192.168.17.39','hrholo2',NULL,'192.168.17.39',NULL,NULL,0,NULL,0,NULL,NULL),('09862',9862,NULL,'3319051306770004','ABDUL KHALIM',0,'KUDUS',NULL,0,NULL,NULL,0,NULL,NULL,NULL,NULL,'H MARJUKI NO 33','KUDUS',NULL,NULL,NULL,NULL,'HOLO',NULL,'FINISH-SC','BL','MNDR','1350007509290',NULL,NULL,NULL,'1','lastri',NULL,'192.168.17.22','andy',NULL,'fe80::2c78:65a8:66ba:d736%12',NULL,NULL,0,NULL,0,0,NULL),('07997',7997,NULL,'3319020202700002','HERY DJUNAEDI',0,'KUDUS',NULL,0,NULL,NULL,0,NULL,NULL,NULL,NULL,'SATRIA','KUDUS',NULL,NULL,NULL,NULL,'HOLO',NULL,'PEMBELIAN','BL','MNDR','1350007041294',NULL,NULL,NULL,'1','lastri',NULL,'192.168.17.22','hrholo2',NULL,'192.168.17.39',NULL,NULL,1,NULL,0,0,NULL),('00012',12,NULL,NULL,'SLAMET SUSANTO',NULL,NULL,NULL,0,NULL,NULL,0,NULL,NULL,NULL,NULL,NULL,NULL,NULL,NULL,NULL,NULL,'HOLO',NULL,'RAJANG','HL',NULL,NULL,NULL,NULL,NULL,'0','hrholo2',NULL,'192.168.17.39','hrholo2',NULL,'192.168.17.39',NULL,NULL,0,NULL,0,1,NULL),('10186',10186,NULL,'3319031202820005','ARIS FAKHRUR ROZI',0,'KUDUS',NULL,0,NULL,NULL,0,NULL,NULL,NULL,NULL,'-','KUDUS',NULL,NULL,NULL,NULL,'HOLO',NULL,'SLITTER SP-2','BL','MNDR','1350007514829',NULL,NULL,NULL,'1','lastri',NULL,'192.168.17.22','andy',NULL,'fe80::2c78:65a8:66ba:d736%12',NULL,NULL,0,NULL,0,0,NULL),('09228',9228,NULL,'3319021606770005','BUDI PRASETYO',0,'KUDUS',NULL,0,NULL,NULL,0,NULL,NULL,NULL,NULL,'MENUR 276','KUDUS',NULL,NULL,NULL,NULL,'HOLO',NULL,'TEKNISI SP-2','BL','MNDR','1350004822399',NULL,NULL,NULL,'1','lastri',NULL,'192.168.17.22','andy',NULL,'fe80::2c78:65a8:66ba:d736%12',NULL,NULL,1,NULL,0,0,NULL),('00609',609,NULL,'3319031202620002','ABDUL AZIZ',0,'KUDUS',NULL,0,NULL,NULL,0,NULL,NULL,NULL,NULL,'GANG SENO','KUDUS',NULL,NULL,NULL,NULL,'HOLO',NULL,'UMUM-2','KT','MNDR','1350007040932',NULL,NULL,NULL,'1','lastri',NULL,'192.168.17.22','hrholo2',NULL,'192.168.17.39',NULL,NULL,0,NULL,0,0,NULL),('39215',39215,NULL,NULL,'AGUS PRASETYO',0,NULL,NULL,0,NULL,NULL,0,NULL,NULL,NULL,NULL,NULL,NULL,NULL,NULL,NULL,NULL,'HOLO',NULL,'OUT-CAKAP -2','OS',NULL,NULL,NULL,NULL,NULL,'1','hrholo2',NULL,'192.168.17.22','hrholo2',NULL,'192.168.17.39',NULL,NULL,0,NULL,NULL,NULL,NULL),('00519',519,NULL,NULL,'ALI SUBKAN',0,NULL,NULL,0,NULL,NULL,0,NULL,NULL,NULL,NULL,NULL,NULL,NULL,NULL,NULL,NULL,'HOLO',NULL,'OUT-CAKAP -2','OS',NULL,NULL,NULL,NULL,NULL,'1','hrholo2',NULL,'192.168.17.22','hrholo',NULL,'192.168.17.39',NULL,NULL,0,NULL,0,0,NULL),('18014',18014,NULL,NULL,'ANDI WAHYUDI',0,NULL,NULL,0,NULL,NULL,0,NULL,NULL,NULL,NULL,NULL,NULL,NULL,NULL,NULL,NULL,'HOLO',NULL,'OUT-CAKAP -2','OS',NULL,NULL,NULL,NULL,NULL,'1','hrholo2',NULL,'192.168.17.22','hrholo2',NULL,'192.168.17.39',NULL,NULL,0,NULL,NULL,NULL,NULL),('69514',69514,NULL,NULL,'ARIS MULYADI',0,NULL,NULL,0,'-',NULL,0,NULL,NULL,NULL,NULL,NULL,NULL,NULL,NULL,NULL,'CKP','HOLO',NULL,'OUT-CAKAP -1','OS',NULL,NULL,NULL,NULL,NULL,'1','hrholo2',NULL,'192.168.17.22','lastri',NULL,'192.168.26.205',NULL,NULL,0,NULL,NULL,NULL,NULL),('17113',17113,NULL,NULL,'ARIS SUDARSONO',0,NULL,NULL,0,NULL,NULL,0,NULL,NULL,NULL,NULL,NULL,NULL,NULL,NULL,NULL,NULL,'HOLO',NULL,'OUT-CAKAP -2','OS',NULL,NULL,NULL,NULL,NULL,'1','hrholo2',NULL,'192.168.17.22','hrholo2',NULL,'192.168.17.39',NULL,NULL,0,NULL,NULL,NULL,NULL),('20098',20098,NULL,NULL,'DWI NUR A',0,NULL,NULL,0,NULL,NULL,0,NULL,NULL,NULL,NULL,NULL,NULL,NULL,NULL,NULL,NULL,'HOLO',NULL,'OUT-CAKAP -2','OS',NULL,NULL,NULL,NULL,NULL,'1','hrholo2',NULL,'192.168.17.22','hrholo2',NULL,'192.168.17.39',NULL,NULL,0,NULL,NULL,NULL,NULL),('38914',38914,NULL,NULL,'JOKO KIRONO',0,NULL,NULL,0,NULL,NULL,0,NULL,NULL,NULL,NULL,NULL,NULL,NULL,NULL,NULL,NULL,'HOLO',NULL,'OUT-CAKAP -2','OS',NULL,NULL,NULL,NULL,NULL,'0','hrholo2',NULL,'192.168.17.22','hrholo2',NULL,'192.168.17.39',NULL,NULL,0,NULL,NULL,NULL,NULL),('20096',20096,NULL,NULL,'MOHAMAD KHODHOIT',0,NULL,NULL,0,NULL,NULL,0,NULL,NULL,NULL,NULL,NULL,NULL,NULL,NULL,NULL,NULL,'HOLO',NULL,'OUT-CAKAP -2','OS',NULL,NULL,NULL,NULL,NULL,'1','hrholo2',NULL,'192.168.17.22','hrholo2',NULL,'192.168.17.39',NULL,NULL,0,NULL,NULL,NULL,NULL),('95941',95941,NULL,NULL,'MUHAMMAD AS\'ARI',0,NULL,NULL,0,NULL,NULL,0,NULL,NULL,NULL,NULL,NULL,NULL,NULL,NULL,NULL,NULL,'HOLO',NULL,'OUT-CAKAP -2','OS',NULL,NULL,NULL,NULL,NULL,'1','hrholo2',NULL,'192.168.17.22','hrholo2',NULL,'192.168.17.39',NULL,NULL,0,NULL,NULL,NULL,NULL),('09838',9838,NULL,NULL,'RAHAYU WIDODO',0,NULL,NULL,0,NULL,NULL,0,NULL,NULL,NULL,NULL,NULL,NULL,NULL,NULL,NULL,NULL,'HOLO',NULL,'OUT-CAKAP -2','OS',NULL,NULL,NULL,NULL,NULL,'1','hrholo2',NULL,'192.168.17.22','hrholo2',NULL,'192.168.17.39',NULL,NULL,0,NULL,NULL,NULL,NULL),('39414',39414,NULL,NULL,'RAHMAT BAGUS P',0,NULL,NULL,0,NULL,NULL,0,NULL,NULL,NULL,NULL,NULL,NULL,NULL,NULL,NULL,NULL,'HOLO',NULL,'OUT-CAKAP -2','OS',NULL,NULL,NULL,NULL,NULL,'0','hrholo2',NULL,'192.168.17.22','hrholo2',NULL,'192.168.17.39',NULL,NULL,0,NULL,NULL,NULL,NULL),('00686',686,NULL,NULL,'RONNY SOFIYANTO',0,NULL,NULL,0,NULL,NULL,0,NULL,NULL,NULL,NULL,NULL,NULL,NULL,NULL,NULL,NULL,'HOLO',NULL,'OUT-CAKAP -2','OS',NULL,NULL,NULL,NULL,NULL,'0','hrholo2',NULL,'192.168.17.22','hrholo2',NULL,'192.168.17.39',NULL,NULL,0,NULL,0,NULL,NULL),('00499',499,NULL,NULL,'SAEFUL ANAS',0,NULL,NULL,0,NULL,NULL,0,NULL,NULL,NULL,NULL,NULL,NULL,NULL,NULL,NULL,NULL,'HOLO',NULL,'OUT-CAKAP -2','OS',NULL,NULL,NULL,NULL,NULL,'1','hrholo2',NULL,'192.168.17.22','hrholo2',NULL,'192.168.17.39',NULL,NULL,0,NULL,NULL,NULL,NULL),('24097',24097,NULL,NULL,'SLAMET RIYADI',0,NULL,NULL,0,NULL,NULL,0,NULL,NULL,NULL,NULL,NULL,NULL,NULL,NULL,NULL,NULL,'HOLO',NULL,'OUT-CAKAP -2','OS',NULL,NULL,NULL,NULL,NULL,'1','hrholo2',NULL,'192.168.17.22','hrholo2',NULL,'192.168.17.39',NULL,NULL,0,NULL,NULL,NULL,NULL),('42921',42921,NULL,NULL,'SONY DEWANTORO',0,NULL,NULL,0,NULL,NULL,0,NULL,NULL,NULL,NULL,NULL,NULL,NULL,NULL,NULL,NULL,'HOLO',NULL,'OUT-CAKAP -2','OS',NULL,NULL,NULL,NULL,NULL,'1','hrholo2',NULL,'192.168.17.22','hrholo2',NULL,'192.168.17.39',NULL,NULL,0,NULL,NULL,NULL,NULL),('08598',8598,NULL,'3319050805770006','MOKH MUSLIKAN',0,'KUDUS',NULL,0,NULL,'0',0,NULL,NULL,NULL,NULL,'KUDUS PATI KM 6','KUDUS',NULL,NULL,NULL,NULL,'HOLO',NULL,'EMBOSS1','BL','MNDR','1350007507054',NULL,NULL,NULL,'1','andy',NULL,'10.0.2.15','andy',NULL,'fe80::2c78:65a8:66ba:d736%12',NULL,NULL,0,NULL,0,0,NULL),('06884',6884,NULL,'3319032511730001','BUDIONO',0,'KUDUS',NULL,0,NULL,'0',0,NULL,NULL,NULL,NULL,'-','KUDUS',NULL,NULL,NULL,NULL,'HOLO',NULL,'QC1','BL','MNDR','1350007505348',NULL,NULL,NULL,'1','andy',NULL,'10.0.2.15','andy',NULL,'fe80::2c78:65a8:66ba:d736%12',NULL,NULL,0,NULL,0,0,NULL),('10216',10216,NULL,'3319030208770004','AGUS WIBOWO',0,'DEMAK',NULL,0,NULL,'0',0,NULL,NULL,NULL,NULL,'-','KUDUS',NULL,NULL,NULL,NULL,'HOLO',NULL,'PRODUKSI1','BL','MNDR','1350007509019',NULL,NULL,NULL,'1','andy',NULL,'10.0.2.15','lastri',NULL,'192.168.26.206',NULL,NULL,0,NULL,0,0,NULL),('09107',9107,NULL,'3319056006710002','SULASTRI',1,'KUDUS',NULL,0,NULL,'0',0,NULL,NULL,NULL,NULL,'MEJOBO','KUDUS',NULL,NULL,NULL,NULL,'HOLO',NULL,'HR SP-2','BL','MNDR','1350007028341',NULL,NULL,NULL,'1','andy',NULL,'10.0.2.15','hrholo',NULL,'192.168.17.39',NULL,NULL,0,NULL,1,0,NULL),('09219',9219,NULL,'3318102602770007','BUDI HARYO KRISTANTO',0,'PATI',NULL,0,NULL,'0',0,NULL,NULL,NULL,NULL,'P DIPONEGORO','PATI',NULL,NULL,NULL,NULL,'HOLO',NULL,'PRODUKSI1','BL','MNDR','1350007028358',NULL,NULL,NULL,'1','andy',NULL,'10.0.2.15','beautiful',NULL,'192.168.26.206',NULL,NULL,0,NULL,0,0,NULL),('05922',5922,NULL,'3319070504720006','NYARWI',0,'REMBANG',NULL,0,NULL,'0',0,NULL,NULL,NULL,NULL,'-','KUDUS',NULL,NULL,NULL,NULL,'HOLO',NULL,'GUDANG1','BL','MNDR','1350007509811',NULL,NULL,NULL,'1','andy',NULL,'10.0.2.15','andy',NULL,'fe80::2c78:65a8:66ba:d736%12',NULL,NULL,0,NULL,0,0,NULL),('10729',10729,NULL,'3319030511840001','MASUDI ( B )',0,'KUDUS',NULL,0,NULL,'0',0,NULL,NULL,NULL,NULL,'KUDUS PURWODADI','KUDUS',NULL,NULL,NULL,NULL,'HOLO',NULL,'KIRIMAN1','BL','MNDR','1350007509639',NULL,NULL,NULL,'1','andy',NULL,'10.0.2.15','andy',NULL,'fe80::2c78:65a8:66ba:d736%12',NULL,NULL,0,NULL,0,0,NULL),('06824',6824,NULL,'3319045510680001','MUYASAROH',0,'KUDUS',NULL,0,NULL,'0',0,NULL,NULL,NULL,NULL,'KUDUS PURWODADI','KUDUS',NULL,NULL,NULL,NULL,'HOLO',NULL,'FINISHING1','BL','MNDR','1350007028416',NULL,NULL,NULL,'1','andy',NULL,'10.0.2.15','andy',NULL,'fe80::2c78:65a8:66ba:d736%12',NULL,NULL,0,NULL,1,0,NULL),('04506',4506,NULL,NULL,'ACHMAD ANIF',0,NULL,NULL,0,NULL,'0',0,NULL,NULL,NULL,NULL,NULL,NULL,NULL,NULL,NULL,NULL,'HOLO',NULL,'STUDIO1','KT','MNDR','1350007028176',NULL,NULL,NULL,'0','andy',NULL,'10.0.2.15','lastri',NULL,'192.168.26.206','PURNA KARYA',NULL,0,NULL,0,0,NULL),('06890',6890,NULL,'3319037112700131','JAMILATUN',0,'KUDUS',NULL,0,NULL,'0',0,NULL,NULL,NULL,NULL,'PASURUAN KIDUL','KUDUS',NULL,NULL,NULL,NULL,'HOLO',NULL,'UMUM-2','BL','MNDR','1350007511494',NULL,NULL,NULL,'1','andy',NULL,'10.0.2.15','andy',NULL,'fe80::2c78:65a8:66ba:d736%12',NULL,NULL,0,NULL,1,0,NULL),('05684',5684,NULL,NULL,'SAHLI PURNOMO',0,NULL,NULL,0,NULL,'0',0,NULL,NULL,NULL,NULL,NULL,NULL,NULL,NULL,NULL,NULL,'HOLO',NULL,'SATPAM','BL',NULL,'1350007028390',NULL,NULL,NULL,'0','andy',NULL,'10.0.2.15','hrholo2',NULL,'192.168.17.22',NULL,NULL,NULL,NULL,NULL,NULL,NULL),('09725',9725,NULL,NULL,'DWI JOKO SULISTYO',0,NULL,NULL,0,NULL,'0',0,NULL,NULL,NULL,NULL,NULL,NULL,NULL,NULL,NULL,NULL,'HOLO',NULL,'SATPAM SP-2','BL','MNDR','1350007511429',NULL,NULL,NULL,'0','andy',NULL,'10.0.2.15','hrholo2',NULL,'192.168.17.39',NULL,NULL,0,NULL,NULL,NULL,NULL),('06882',6882,NULL,'3319070910730003','ABDUL WAKHID',0,'KUDUS',NULL,0,NULL,'0',0,NULL,NULL,NULL,NULL,'DS. KARANG BENER','KUDUS',NULL,NULL,NULL,NULL,'HOLO',NULL,'PONZ','BL','MNDR','1350007509498',NULL,NULL,NULL,'1','lastri',NULL,'192.168.26.205','andy',NULL,'fe80::2c78:65a8:66ba:d736%12',NULL,NULL,0,NULL,0,0,NULL),('07132',7132,NULL,'3319061506730013','TO\'AT',0,'KUDUS',NULL,0,NULL,'0',0,NULL,NULL,NULL,NULL,'-','KUDUS',NULL,NULL,NULL,NULL,'HOLO',NULL,'CETAK','BL','MNDR','1350007930488',NULL,NULL,NULL,'1','lastri',NULL,'192.168.26.205','andy',NULL,'fe80::2c78:65a8:66ba:d736%12',NULL,NULL,0,NULL,0,0,NULL),('09221',9221,NULL,'3319030612710009','EDI MULJANTO',0,'KUDUS',NULL,0,NULL,'0',0,NULL,NULL,NULL,NULL,'-','KUDUS',NULL,NULL,NULL,NULL,'HOLO',NULL,'SLITER','BL','MNDR','1350007509985',NULL,NULL,NULL,'1','lastri',NULL,'192.168.26.205','beautiful',NULL,'192.168.26.206',NULL,NULL,0,NULL,0,0,NULL),('09973',9973,NULL,NULL,'NOOR YANTI',1,NULL,NULL,0,NULL,NULL,0,NULL,NULL,NULL,NULL,NULL,NULL,NULL,NULL,NULL,NULL,'HOLO',NULL,'OUT \nKOP-2','OS',NULL,NULL,NULL,NULL,NULL,'0','hrholo2',NULL,'192.168.17.22','hrholo2',NULL,'192.168.17.39',NULL,NULL,0,NULL,0,0,NULL),('22222',22222,NULL,NULL,'NUR KAFIDIN',0,NULL,NULL,0,NULL,NULL,0,'SLTA',NULL,NULL,NULL,NULL,NULL,NULL,NULL,NULL,'KOP','HOLO',NULL,'OUTSOURCING -KOP','OS',NULL,NULL,NULL,NULL,NULL,'0','lastri',NULL,'192.168.26.205','beautiful',NULL,'192.168.26.206',NULL,NULL,0,NULL,0,0,NULL),('09552',9552,NULL,'3319036106770002','JASMINI',0,'KUDUS',NULL,0,NULL,'0',0,NULL,NULL,NULL,NULL,'-','KUDUS',NULL,NULL,NULL,NULL,'HOLO',NULL,'GUDANG SP-2','BL','MNDR','1350007506569',NULL,NULL,NULL,'1','andy',NULL,'192.168.17.39','andy',NULL,'fe80::2c78:65a8:66ba:d736%12',NULL,NULL,0,NULL,1,0,NULL),('09230',9230,NULL,'3319010503770002','SA`DUN',0,'KUDUS',NULL,0,NULL,'0',0,NULL,NULL,NULL,NULL,'-','KUDUS',NULL,NULL,NULL,NULL,'HOLO',NULL,'GUDANG1','BL','MNDR','1350007509845',NULL,NULL,NULL,'1','andy',NULL,'192.168.17.39','andy',NULL,'fe80::2c78:65a8:66ba:d736%12',NULL,NULL,0,NULL,0,0,NULL),('28915',28915,NULL,NULL,'ANTON SURIYONO',0,NULL,NULL,0,NULL,NULL,0,NULL,NULL,NULL,NULL,NULL,NULL,NULL,NULL,NULL,NULL,'HOLO',NULL,'OUT-CAKAP -2','OS','-',NULL,NULL,NULL,NULL,'0','hrholo2',NULL,'192.168.17.39','hrholo2',NULL,'192.168.17.39',NULL,NULL,0,NULL,NULL,NULL,NULL),('38915',38915,NULL,NULL,'ULIL AMRI',0,NULL,NULL,0,NULL,NULL,0,NULL,NULL,NULL,NULL,NULL,NULL,NULL,NULL,NULL,NULL,'HOLO',NULL,'OUT-CAKAP -2','OS',NULL,NULL,NULL,NULL,NULL,'1','hrholo2',NULL,'192.168.17.39','hrholo2',NULL,'192.168.17.39',NULL,NULL,0,NULL,NULL,NULL,NULL),('83621',83621,NULL,NULL,'FAIZATUR RIZKI FITRIANI',1,NULL,NULL,0,NULL,NULL,0,NULL,NULL,NULL,NULL,NULL,NULL,NULL,NULL,NULL,NULL,'HOLO',NULL,'OUT KOP-2','OS',NULL,NULL,NULL,NULL,NULL,'1','hrholo2',NULL,'192.168.17.39','hrholo',NULL,'192.168.26.210',NULL,NULL,0,NULL,0,NULL,NULL),('74393',74393,NULL,NULL,'WULAN MAHARDINA',1,NULL,NULL,0,NULL,NULL,0,NULL,NULL,NULL,NULL,NULL,NULL,NULL,NULL,NULL,NULL,'HOLO',NULL,'OUT KOP-2','OS',NULL,NULL,NULL,NULL,NULL,'1','hrholo2',NULL,'192.168.17.39','hrholo2',NULL,'192.168.17.39',NULL,NULL,0,NULL,NULL,NULL,NULL),('09419',9419,NULL,NULL,'ENDANG P.A.',1,NULL,NULL,0,NULL,NULL,0,NULL,NULL,NULL,NULL,NULL,NULL,NULL,NULL,NULL,NULL,'HOLO',NULL,'OUT \nKOP-2','OS',NULL,NULL,NULL,NULL,NULL,'0','hrholo2',NULL,'192.168.17.39','hrholo2',NULL,'192.168.17.39',NULL,NULL,0,NULL,0,0,NULL),('09983',9983,NULL,NULL,'ENY DWI SUPRIYANI',1,NULL,NULL,0,NULL,NULL,0,NULL,NULL,NULL,NULL,NULL,NULL,NULL,NULL,NULL,NULL,'HOLO',NULL,'OUT KOP-2','OS',NULL,NULL,NULL,NULL,NULL,'0','hrholo2',NULL,'192.168.17.39','hrholo2',NULL,'192.168.17.39',NULL,NULL,0,NULL,NULL,NULL,NULL),('09982',9982,NULL,NULL,'KUSRIAH ',1,NULL,NULL,0,NULL,NULL,0,NULL,NULL,NULL,NULL,NULL,NULL,NULL,NULL,NULL,NULL,'HOLO',NULL,'OUT \nKOP-2','OS',NULL,NULL,NULL,NULL,NULL,'0','hrholo2',NULL,'192.168.17.39','hrholo2',NULL,'192.168.17.39',NULL,NULL,0,NULL,NULL,NULL,NULL),('09978',9978,NULL,NULL,'NOOR SAIDAH',1,NULL,NULL,0,NULL,NULL,0,NULL,NULL,NULL,NULL,NULL,NULL,NULL,NULL,NULL,NULL,'HOLO',NULL,'OUT \nKOP-2','OS',NULL,NULL,NULL,NULL,NULL,'0','hrholo2',NULL,'192.168.17.39','hrholo2',NULL,'192.168.17.39',NULL,NULL,0,NULL,NULL,NULL,NULL),('09868',9868,NULL,NULL,'RUBIAH',1,NULL,NULL,0,NULL,NULL,0,NULL,NULL,NULL,NULL,NULL,NULL,NULL,NULL,NULL,NULL,'HOLO',NULL,'OUT KOP-2','OS',NULL,NULL,NULL,NULL,NULL,'0','hrholo2',NULL,'192.168.17.39','hrholo2',NULL,'192.168.17.39',NULL,NULL,0,NULL,NULL,NULL,NULL),('09970',9970,NULL,NULL,'SITI UMI HANIK',1,NULL,NULL,0,NULL,NULL,0,NULL,NULL,NULL,NULL,NULL,NULL,NULL,NULL,NULL,NULL,'HOLO',NULL,'OUT KOP-2','OS',NULL,NULL,NULL,NULL,NULL,'0','hrholo2',NULL,'192.168.17.39','hrholo2',NULL,'192.168.17.39',NULL,NULL,0,NULL,NULL,NULL,NULL),('98815',98815,NULL,NULL,'HERI SUSANTO',0,NULL,NULL,0,NULL,NULL,0,NULL,NULL,NULL,NULL,NULL,NULL,NULL,NULL,NULL,NULL,'HOLO',NULL,'OUT-CAKAP -2','OS',NULL,NULL,NULL,NULL,NULL,'0','hrholo2',NULL,'192.168.17.39','hrholo2',NULL,'192.168.17.39',NULL,NULL,0,NULL,0,0,NULL),('10017',10017,NULL,'3319022909740003','BOWO SETIANTO',0,'SLEMAN',NULL,0,NULL,NULL,0,NULL,NULL,NULL,NULL,'JL. GANESHA IV','KUDUS',NULL,NULL,NULL,NULL,'HOLO',NULL,'STUDIO1','BL','MNDR','1350007028192',NULL,NULL,NULL,'1','lastri',NULL,'192.168.26.205','andy',NULL,'fe80::2c78:65a8:66ba:d736%12',NULL,NULL,1,NULL,0,0,NULL),('29971',29971,NULL,NULL,'STEVANUS PRATAMA S',0,NULL,NULL,0,NULL,NULL,1,NULL,NULL,NULL,NULL,NULL,NULL,NULL,NULL,NULL,NULL,'HOLO',NULL,'OUT-CAKAP -2','OS',NULL,NULL,NULL,NULL,NULL,'1','hrholo2',NULL,'192.168.17.39','hrholo2',NULL,'192.168.17.39',NULL,NULL,0,NULL,NULL,NULL,NULL),('30971',30971,NULL,NULL,'ERFAN BASTIAN',0,NULL,NULL,0,NULL,NULL,0,NULL,NULL,NULL,NULL,NULL,NULL,NULL,NULL,NULL,NULL,'HOLO',NULL,'OUT-CAKAP -2','OS',NULL,NULL,NULL,NULL,NULL,'0','hrholo2',NULL,'192.168.17.39','hrholo2',NULL,'192.168.17.39',NULL,NULL,0,NULL,0,0,NULL),('11807',11807,NULL,'3372036701870001','BERTYN KRISTINA WIJAYA',1,'SURAKARTA',NULL,0,NULL,NULL,1,NULL,NULL,NULL,NULL,'-','SURAKARTA',NULL,NULL,NULL,NULL,'HOLO',NULL,'COST CONTROL','BL','MNDR','9000007770093',NULL,NULL,NULL,'1','hrholo2',NULL,'192.168.17.39','andy',NULL,'fe80::2c78:65a8:66ba:d736%12',NULL,NULL,0,NULL,1,1,NULL),('11808',11808,NULL,'3327081705860105','LEFRAN ALFRED TOHEA',0,'REMBANG',NULL,0,NULL,NULL,1,NULL,NULL,NULL,NULL,'KUTILANG NO. 39 A','KUDUS',NULL,NULL,NULL,NULL,'HOLO',NULL,'COST CONTROL','BL','MNDR','9000006745112',NULL,NULL,NULL,'1','hrholo2',NULL,'192.168.17.39','andy',NULL,'fe80::2c78:65a8:66ba:d736%12',NULL,NULL,1,NULL,0,1,NULL),('92578',92578,NULL,'331903210693005','CHANDRA AJI WIJAYA',0,'KUDUS',NULL,0,NULL,NULL,0,NULL,NULL,NULL,NULL,'-','KUDUS',NULL,NULL,NULL,NULL,'HOLO',NULL,'FINISH-SC','KT','MNDR','1350010625372',NULL,NULL,NULL,'1','hrholo2',NULL,'192.168.17.39','andy',NULL,'fe80::2c78:65a8:66ba:d736%12',NULL,NULL,0,NULL,0,1,NULL),('03736',3736,NULL,'3319051812680003','ZAZURI',0,'KUDUS',NULL,0,NULL,NULL,0,NULL,NULL,NULL,NULL,'-','KUDUS',NULL,NULL,NULL,NULL,'HOLO',NULL,'GALVANIK','BL','MNDR','1350007041120',NULL,NULL,NULL,'1','hrholo2',NULL,'192.168.17.39','andy',NULL,'fe80::2c78:65a8:66ba:d736%12',NULL,NULL,0,NULL,0,0,NULL),('10713',10713,NULL,'3471012302700003','PETRUS HENRI NUR \nTRISNAPUTRA',0,'YOGYAKARTA',NULL,0,NULL,NULL,2,NULL,NULL,NULL,NULL,'-','KUDUS',NULL,NULL,NULL,NULL,'HOLO',NULL,'IS SP-2','BL','MNDR','1350007028150',NULL,NULL,NULL,'1','hrholo2',NULL,'192.168.17.39','andy',NULL,'fe80::2c78:65a8:66ba:d736%12',NULL,NULL,1,NULL,0,0,NULL),('10970',10970,NULL,'3319022803790002','EMANUEL VANY PRASETYA \nHADI',0,'SOLO',NULL,0,NULL,NULL,1,NULL,NULL,NULL,NULL,'MAYOR KUSMANTO NO. 3','KUDUS',NULL,NULL,NULL,NULL,'HOLO',NULL,'IT','BL','MNDR','1350007028812',NULL,NULL,NULL,'1','hrholo2',NULL,'192.168.17.39','andy',NULL,'fe80::2c78:65a8:66ba:d736%12',NULL,NULL,0,NULL,0,0,NULL),('11825',11825,NULL,'3374131404870002','VINCENT HERLANDO SUTANTO',0,'SEMARANG',NULL,0,NULL,NULL,2,NULL,NULL,NULL,NULL,'PURI ANJASMORO M6/12','SEMARANG',NULL,NULL,NULL,NULL,'HOLO',NULL,'IT','BL','MNDR','9000011337566',NULL,NULL,NULL,'1','hrholo2',NULL,'192.168.17.39','andy',NULL,'fe80::2c78:65a8:66ba:d736%12',NULL,NULL,1,NULL,0,1,NULL),('92164',92164,NULL,NULL,'ARI USTAFIAN',0,NULL,NULL,0,NULL,NULL,0,NULL,NULL,NULL,NULL,NULL,NULL,NULL,NULL,NULL,NULL,'HOLO',NULL,'PENGEMBANGAN','KT','MNDR','9000016749120',NULL,NULL,NULL,'0','hrholo2',NULL,'192.168.17.39','hrholo2',NULL,'192.168.17.39',NULL,NULL,0,NULL,0,NULL,NULL),('08249',8249,NULL,'3319071409690001','BAMBANG HANDOKO',0,'BOJONEGORO',NULL,0,NULL,NULL,1,NULL,NULL,NULL,NULL,'PERUM MURIA INDAH BLOK G \nNO. 660','KUDUS',NULL,NULL,NULL,NULL,'HOLO',NULL,'PRODUKSI SP-2','BL','MNDR','1350007028713',NULL,NULL,NULL,'1','hrholo2',NULL,'192.168.17.39','andy',NULL,'fe80::2c78:65a8:66ba:d736%12',NULL,NULL,1,NULL,0,0,NULL),('11461',11461,NULL,'334082701640004','RIWI HARYONO',0,'SUKOHARJO',NULL,0,NULL,NULL,1,NULL,NULL,NULL,NULL,'JL BOUGENVILE III BLOK \nD4/3A','SEMARANG',NULL,NULL,NULL,NULL,'HOLO',NULL,'PRODUKSI SP-2','BL','MNDR','1350007041179',NULL,NULL,NULL,'1','hrholo2',NULL,'192.168.17.39','andy',NULL,'fe80::2c78:65a8:66ba:d736%12',NULL,NULL,1,NULL,0,0,NULL),('08380',8380,NULL,'3319046312690002','ULYA USFAH',1,'KUDUS',NULL,0,NULL,NULL,0,NULL,NULL,NULL,NULL,'-','KUDUS',NULL,NULL,NULL,NULL,'HOLO',NULL,'QC-2','BL','MNDR','1350007504796',NULL,NULL,NULL,'1','hrholo2',NULL,'192.168.17.39','andy',NULL,'fe80::2c78:65a8:66ba:d736%12',NULL,NULL,0,NULL,1,0,NULL),('92577',92577,NULL,'3319022503850003','MUCH ANDI FAHMAWAN',0,'KUDUS',NULL,0,NULL,NULL,0,NULL,NULL,NULL,NULL,'KHM ARWANI AMIN NO. 53','KUDUS',NULL,NULL,NULL,NULL,'HOLO',NULL,'SLITTER SP-2','KT','MNDR','1350010625422',NULL,NULL,NULL,'1','hrholo2',NULL,'192.168.17.39','andy',NULL,'fe80::2c78:65a8:66ba:d736%12',NULL,NULL,0,NULL,0,1,NULL),('92579',92579,NULL,'3319042607840002','ACHMAD RIFAI',0,'KUDUS',NULL,0,NULL,NULL,0,NULL,NULL,NULL,NULL,'-','KUDUS',NULL,NULL,NULL,NULL,'HOLO',NULL,'CETAK','KT','MNDR','1350010625265',NULL,NULL,NULL,'1','lastri',NULL,'192.168.26.205','andy',NULL,'fe80::2c78:65a8:66ba:d736%12',NULL,NULL,0,NULL,0,0,NULL),('10051',10051,NULL,'3319023103740006','ALF. HENDRO PRASETYO',0,'AMBARAWA',NULL,0,NULL,NULL,2,NULL,NULL,'00L50046611',NULL,'GANESHA I/57 A','KUDUS',NULL,NULL,NULL,NULL,'HOLO',NULL,'PRODUKSI SP-2','BL','MNDR','1350007443169',NULL,NULL,NULL,'1','hrholo2',NULL,'192.168.17.39','andy',NULL,'fe80::2c78:65a8:66ba:d736%12',NULL,NULL,1,NULL,0,0,NULL),('10329',10329,NULL,'3321011702720003','DANUNG TRI YUDA K',0,'MADIUN',NULL,0,NULL,'0',0,NULL,NULL,NULL,NULL,'PUCANG ADI 2/22 PERUM PUCANG \nGADING','DEMAK',NULL,NULL,NULL,NULL,'HOLO',NULL,'PRODUKSI SP-2','BL','MNDR','1350007028606',NULL,NULL,NULL,'1','andy',NULL,'192.168.17.39','andy',NULL,'fe80::2c78:65a8:66ba:d736%12',NULL,NULL,0,NULL,0,0,NULL),('92983',92983,NULL,NULL,'SULISTYOWATI',NULL,NULL,NULL,0,NULL,NULL,0,NULL,NULL,NULL,NULL,NULL,NULL,NULL,NULL,NULL,NULL,'HOLO',NULL,'FINISHING1','KT',NULL,NULL,NULL,NULL,NULL,'0','lastri',NULL,'192.168.26.206','lastri',NULL,'192.168.26.206',NULL,NULL,0,NULL,1,NULL,NULL),('92972',92972,NULL,NULL,'NOOR SAIDAH',NULL,NULL,NULL,0,NULL,NULL,0,NULL,NULL,NULL,NULL,NULL,NULL,NULL,NULL,NULL,NULL,'HOLO',NULL,'RAJANG','HL',NULL,NULL,NULL,NULL,NULL,'0','hrholo2',NULL,'192.168.17.39','hrholo2',NULL,'192.168.17.39',NULL,NULL,0,NULL,0,0,NULL),('92994',92994,NULL,NULL,'ZUNI SISWATI',NULL,NULL,NULL,0,NULL,NULL,0,NULL,NULL,NULL,NULL,NULL,NULL,NULL,NULL,NULL,NULL,'HOLO',NULL,'RAJANG','HL',NULL,NULL,NULL,NULL,NULL,'0','hrholo2',NULL,'192.168.17.39','hrholo2',NULL,'192.168.17.39',NULL,NULL,0,NULL,0,0,NULL),('92975',92975,NULL,NULL,'RUBI\'AH',NULL,NULL,NULL,0,NULL,NULL,0,NULL,NULL,NULL,NULL,NULL,NULL,NULL,NULL,NULL,NULL,'HOLO',NULL,'RAJANG','HL',NULL,NULL,NULL,NULL,NULL,'0','hrholo2',NULL,'192.168.17.39','hrholo2',NULL,'192.168.17.39',NULL,NULL,0,NULL,0,0,NULL),('11897',11897,NULL,NULL,'ADITYA NUR MUSTAFA',0,NULL,NULL,0,NULL,NULL,0,NULL,NULL,NULL,NULL,NULL,NULL,NULL,NULL,NULL,'CKP','HOLO',NULL,'OUT-CAKAP -2','OS',NULL,NULL,NULL,NULL,NULL,'1','hrholo2',NULL,'192.168.17.39','hrholo2',NULL,'192.168.17.39',NULL,NULL,0,NULL,NULL,NULL,NULL),('92967',92967,NULL,NULL,'MARIA ULFA',NULL,NULL,NULL,0,NULL,NULL,0,NULL,NULL,NULL,NULL,NULL,NULL,NULL,NULL,NULL,NULL,'HOLO',NULL,'RAJANG','HL',NULL,NULL,NULL,NULL,NULL,'0','hrholo2',NULL,'192.168.17.39','hrholo2',NULL,'192.168.17.22',NULL,NULL,0,NULL,0,0,NULL),('92966',92966,NULL,NULL,'LIBKHATI',NULL,NULL,NULL,0,NULL,NULL,0,NULL,NULL,NULL,NULL,NULL,NULL,NULL,NULL,NULL,NULL,'HOLO',NULL,'RAJANG','HL',NULL,NULL,NULL,NULL,NULL,'0','hrholo2',NULL,'192.168.17.39','hrholo2',NULL,'192.168.17.39',NULL,NULL,0,NULL,0,0,NULL),('19116',19116,NULL,NULL,'ADITYA YULIAR PRAKOSO',NULL,NULL,NULL,0,NULL,NULL,0,NULL,NULL,NULL,NULL,NULL,NULL,NULL,NULL,NULL,'CKP','HOLO',NULL,'OUT-CAKAP -2','OS',NULL,NULL,NULL,NULL,NULL,'0','hrholo2',NULL,'192.168.17.39','hrholo2',NULL,'192.168.17.39',NULL,NULL,0,NULL,0,0,NULL),('08209',8209,NULL,'3319031707740003','MUNADI',0,'KUDUS',NULL,0,NULL,'0',0,NULL,NULL,NULL,NULL,'-','KUDUS',NULL,NULL,NULL,NULL,'HOLO',NULL,'CONVERTING1','BL','MNDR','1350007505629',NULL,NULL,NULL,'1','andy',NULL,'192.168.17.39','andy',NULL,'fe80::2c78:65a8:66ba:d736%12',NULL,NULL,0,NULL,0,0,NULL),('08643',8643,NULL,'3319061012750001','MUSTARI',0,'KUDUS',NULL,0,NULL,'0',0,NULL,NULL,NULL,NULL,'-','KUDUS',NULL,NULL,NULL,NULL,'HOLO',NULL,'CONVERTING SP-2','BL','MNDR','1350007505611',NULL,NULL,NULL,'1','andy',NULL,'10.0.2.15','andy',NULL,'fe80::2c78:65a8:66ba:d736%12',NULL,NULL,0,NULL,0,0,NULL),('08009',8009,NULL,'3319054506730001','NGATIKAH',1,'KUDUS',NULL,0,NULL,NULL,0,NULL,NULL,NULL,NULL,'GOLAN TEPUS RT 03 RW 06  \nMEJOBO','KUDUS',NULL,NULL,NULL,NULL,'HOLO',NULL,'KAL-2','BL','MNDR','1350007028853',NULL,NULL,NULL,'1','lastri',NULL,'192.168.26.205','andy',NULL,'fe80::2c78:65a8:66ba:d736%12',NULL,NULL,0,NULL,1,1,NULL),('08208',8208,NULL,'3319030912700003','NOOR ROHMAD',0,'KUDUS',NULL,0,NULL,'0',0,NULL,NULL,NULL,NULL,'-','KUDUS',NULL,NULL,NULL,NULL,'HOLO',NULL,'UMUM-2','BL','MNDR','1350007511288',NULL,NULL,NULL,'1','andy',NULL,'192.168.17.39','andy',NULL,'fe80::2c78:65a8:66ba:d736%12',NULL,NULL,0,NULL,0,0,NULL),('08376',8376,NULL,'3319031209740004','NOOR RUKHAENI',0,'KUDUS',NULL,0,NULL,'0',0,NULL,NULL,NULL,NULL,'R AGIL KUSUMADYA','KUDUS',NULL,NULL,NULL,NULL,'HOLO',NULL,'STAMPING SP-2','BL','MNDR','1350007514811',NULL,NULL,NULL,'1','andy',NULL,'192.168.17.39','andy',NULL,'fe80::2c78:65a8:66ba:d736%12',NULL,NULL,0,NULL,0,0,NULL),('07876',7876,NULL,'3319022905730001','NOR KHAMID',0,'KUDUS',NULL,0,NULL,'0',0,NULL,NULL,NULL,NULL,'SUMUR TULAK','KUDUS',NULL,NULL,NULL,NULL,'HOLO',NULL,'UMUM-2','BL','MNDR','1350007028374',NULL,NULL,NULL,'0','andy',NULL,'192.168.17.39','hrholo2',NULL,'192.168.17.39','PHK',NULL,0,NULL,0,0,NULL),('09100',9100,NULL,'3319037012770001','NUR NIKMAH',0,'KUDUS',NULL,0,NULL,'0',0,NULL,NULL,NULL,NULL,'-','KUDUS',NULL,NULL,NULL,NULL,'HOLO',NULL,'PRODUKSI SP-2','BL','MNDR','1350007040973',NULL,NULL,NULL,'1','andy',NULL,'192.168.17.39','andy',NULL,'fe80::2c78:65a8:66ba:d736%12',NULL,NULL,0,NULL,1,0,NULL),('00327',327,NULL,'3319030703660001','PRAMONO',0,'KUDUS',NULL,0,NULL,'0',0,NULL,NULL,NULL,NULL,'ONTOSENO','KUDUS',NULL,NULL,NULL,NULL,'HOLO',NULL,'KIRIMAN1','BL','MNDR','1350007028432',NULL,NULL,NULL,'1','andy',NULL,'192.168.17.39','andy',NULL,'fe80::2c78:65a8:66ba:d736%12',NULL,NULL,0,NULL,0,0,NULL),('93363',93363,NULL,'5271034103920001','RINDYANTIKA MARGAWATI',1,'PRAYA',NULL,0,NULL,NULL,0,NULL,NULL,NULL,NULL,'BTN SEGANTENG INDAH \nA.14','MATARAM',NULL,NULL,NULL,NULL,'HOLO',NULL,'PENGEMBANGAN','KT','MNDR','1350013426570',NULL,NULL,NULL,'1','lastri',NULL,'192.168.17.22','hrholo2',NULL,'192.168.17.39',NULL,NULL,1,NULL,1,1,NULL),('04330',4330,NULL,'3319024803630003','RIYAYATI',0,'KUDUS',NULL,0,NULL,'0',0,NULL,NULL,NULL,NULL,'GOR WERGU WETAN','KUDUS',NULL,NULL,NULL,NULL,'HOLO',NULL,'QC-2','BL','MNDR','1350007504713',NULL,NULL,NULL,'0','andy',NULL,'192.168.17.39','hrholo2',NULL,'192.168.17.39','Purna Karya',NULL,0,NULL,1,0,NULL),('07746',7746,NULL,'3319032002740001','RUSMAN',0,'KUDUS',NULL,0,NULL,NULL,0,NULL,NULL,NULL,NULL,'-','KUDUS',NULL,NULL,NULL,NULL,'HOLO',NULL,'FINISHING SP-2','BL','MNDR','1350007511247',NULL,NULL,NULL,'1','hrholo2',NULL,'192.168.17.39','andy',NULL,'fe80::2c78:65a8:66ba:d736%12',NULL,NULL,0,NULL,0,0,NULL),('06770',6770,NULL,'3318101206700035','SLAMET JUNAEDI',0,'KUDUS',NULL,0,NULL,'0',0,NULL,NULL,NULL,NULL,'DUKUH PONDOHAN','PATI',NULL,NULL,NULL,NULL,'HOLO',NULL,'STAMPING SP-2','BL','MNDR','1350007514449',NULL,NULL,NULL,'1','andy',NULL,'192.168.17.39','andy',NULL,'fe80::2c78:65a8:66ba:d736%12',NULL,NULL,0,NULL,0,1,NULL),('07902',7902,NULL,'3319022004770010','SONY PURWADI',0,'KUDUS',NULL,0,NULL,'0',0,NULL,NULL,NULL,NULL,'-','KUDUS',NULL,NULL,NULL,NULL,'HOLO',NULL,'IS SP-2','BL','MNDR','1350007028424',NULL,NULL,NULL,'1','andy',NULL,'192.168.17.39','andy',NULL,'fe80::2c78:65a8:66ba:d736%12',NULL,NULL,0,NULL,0,0,NULL),('09278',9278,NULL,'3319034701710004','SUDARMI ',0,'JEPARA',NULL,0,NULL,'0',0,NULL,NULL,NULL,NULL,'R. AGIL KUSUMADYA NO 224','KUDUS',NULL,NULL,NULL,NULL,'HOLO',NULL,'QC-2','BL','MNDR','1350007028663',NULL,NULL,NULL,'1','andy',NULL,'192.168.17.39','andy',NULL,'fe80::2c78:65a8:66ba:d736%12',NULL,NULL,0,NULL,1,0,NULL),('10730',10730,NULL,'3319021712770003','SUDARSONO',0,'KUDUS',NULL,0,NULL,'0',1,NULL,NULL,NULL,NULL,'-','KUDUS',NULL,NULL,NULL,NULL,'HOLO',NULL,'PONZ','BL','MNDR','1350007509647',NULL,NULL,NULL,'1','andy',NULL,'192.168.17.39','andy',NULL,'fe80::2c78:65a8:66ba:d736%12',NULL,NULL,0,NULL,0,0,NULL),('92965',92965,NULL,NULL,'KUSRIAH',NULL,NULL,NULL,0,NULL,NULL,0,NULL,NULL,NULL,NULL,NULL,NULL,NULL,NULL,NULL,NULL,'HOLO',NULL,'RAJANG','HL',NULL,NULL,NULL,NULL,NULL,'0','hrholo2',NULL,'192.168.17.39','hrholo2',NULL,'192.168.17.39',NULL,NULL,0,NULL,0,0,NULL),('93429',93429,NULL,'3319072210940001','SETYANINGSIH',1,'PATI',NULL,0,NULL,NULL,0,NULL,NULL,NULL,NULL,'TRANGKIL','PATI',NULL,NULL,NULL,NULL,'HOLO',NULL,'PRODUKSI SP-2','KT','MNDR','1350013594120',NULL,NULL,NULL,'1','hrholo2',NULL,'192.168.17.22','andy',NULL,'fe80::2c78:65a8:66ba:d736%12',NULL,NULL,1,NULL,1,0,NULL),('08645',8645,NULL,'3319062808720003','SUDOMO',0,'KUDUS',NULL,0,NULL,'0',0,NULL,NULL,NULL,NULL,'AL MAKMUR','KUDUS',NULL,NULL,NULL,NULL,'HOLO',NULL,'KIRIMAN SP-2','BL','MNDR','1350007509274',NULL,NULL,NULL,'1','andy',NULL,'192.168.17.39','andy',NULL,'fe80::2c78:65a8:66ba:d736%12',NULL,NULL,0,NULL,0,0,NULL),('92576',92576,NULL,'331903250319940006','ADI RAKA WIDYATAMA',0,'KUDUS',NULL,0,NULL,NULL,0,NULL,NULL,NULL,NULL,'MAYOR BASUNO','KUDUS',NULL,NULL,NULL,NULL,'HOLO',NULL,'STAMPING SP-2','KT','MNDR','1350010625547',NULL,NULL,NULL,'1','hrholo2',NULL,'192.168.17.39','andy',NULL,'fe80::2c78:65a8:66ba:d736%12',NULL,NULL,0,NULL,0,1,NULL),('11667',11667,NULL,'3322082202840004','HARIS WISNU WIJANARKO',0,'KAB. SEMARANG',NULL,0,NULL,NULL,0,NULL,NULL,NULL,NULL,'-','SEMARANG/AMBARAWA',NULL,NULL,NULL,NULL,'HOLO',NULL,'TEKNISI SP-2','BL','MNDR','1350007514506',NULL,NULL,NULL,'0','hrholo2',NULL,'192.168.17.39','hrholo2',NULL,'192.168.17.39',NULL,NULL,0,NULL,0,0,NULL),('06379',6379,NULL,'3319030501760002','BUDIYONO',0,'KUDUS',NULL,0,NULL,NULL,0,NULL,NULL,NULL,NULL,'AKBP R AGIL KUSUMADYA','KUDUS',NULL,NULL,NULL,NULL,'HOLO',NULL,'UMUM-2','BL','MNDR','1350007885617',NULL,NULL,NULL,'1','hrholo2',NULL,'192.168.17.39','andy',NULL,'fe80::2c78:65a8:66ba:d736%12',NULL,NULL,0,NULL,0,0,NULL),('08017',8017,NULL,'3319061401750001','CHOLID MUCHOYYAR',0,'KUDUS',NULL,0,NULL,NULL,0,NULL,NULL,NULL,NULL,'KRAWANG COLO','KUDUS',NULL,NULL,NULL,NULL,'HOLO',NULL,'CONVERTING SP-2','BL','MNDR','1350007506403',NULL,NULL,NULL,'1','hrholo2',NULL,'192.168.17.39','andy',NULL,'fe80::2c78:65a8:66ba:d736%12',NULL,NULL,0,NULL,0,0,NULL),('05696',5696,NULL,'3319032212710001','SUPARDJO',0,'KUDUS',NULL,0,NULL,'0',0,NULL,NULL,NULL,NULL,'-','KUDUS',NULL,NULL,NULL,NULL,'HOLO',NULL,'STAMPING SP-2','BL','MNDR','1350007513755',NULL,NULL,NULL,'1','andy',NULL,'192.168.17.39','andy',NULL,'fe80::2c78:65a8:66ba:d736%12',NULL,NULL,0,NULL,0,0,NULL),('08002',8002,NULL,'3319024201720004','SURYATI',1,'KUDUS',NULL,0,NULL,'0',0,NULL,NULL,NULL,NULL,'SATRIA','KUDUS',NULL,NULL,NULL,NULL,'HOLO',NULL,'PRODUKSI SP-2','BL','MNDR','1350007028721',NULL,NULL,NULL,'1','andy',NULL,'192.168.17.39','andy',NULL,'fe80::2c78:65a8:66ba:d736%12',NULL,NULL,0,NULL,1,0,NULL),('09968',9968,NULL,'331965011790004','SUSTYANINGTYAS',0,'KUDUS',NULL,0,NULL,'0',0,NULL,NULL,NULL,NULL,'-','KUDUS',NULL,NULL,NULL,NULL,'HOLO',NULL,'QC1','BL','MNDR','1350007504853',NULL,NULL,NULL,'1','andy',NULL,'192.168.17.39','andy',NULL,'fe80::2c78:65a8:66ba:d736%12',NULL,NULL,0,NULL,1,0,NULL),('05594',5594,NULL,'3319031003670002','SUTONO',0,'KUDUS',NULL,0,NULL,'0',0,NULL,NULL,NULL,NULL,'RAYA GETAS PEJATEN NO 31','KUDUS',NULL,NULL,NULL,NULL,'HOLO',NULL,'FINISHING SP-2','BL','MNDR','1350007041153',NULL,NULL,NULL,'1','andy',NULL,'192.168.17.39','andy',NULL,'fe80::2c78:65a8:66ba:d736%12',NULL,NULL,0,NULL,0,0,NULL),('04436',4436,NULL,'3319070907670003','SUTRASNO',0,'KUDUS',NULL,0,NULL,'0',0,NULL,NULL,NULL,NULL,'KAPTEN ALI MAHMUDI','KUDUS',NULL,NULL,NULL,NULL,'HOLO',NULL,'CONVERTING SP-2','BL','MNDR','1350007028846',NULL,NULL,NULL,'1','andy',NULL,'192.168.17.39','andy',NULL,'fe80::2c78:65a8:66ba:d736%12',NULL,NULL,0,NULL,0,0,NULL),('08375',8375,NULL,'3319041307730006','TEMON',0,'KUDUS',NULL,0,NULL,'0',0,NULL,NULL,NULL,NULL,'PURWODADI 14 KM','KUDUS',NULL,NULL,NULL,NULL,'HOLO',NULL,'STAMPING SP-2','BL','MNDR','1350007511502',NULL,NULL,NULL,'1','andy',NULL,'192.168.17.39','andy',NULL,'fe80::2c78:65a8:66ba:d736%12',NULL,NULL,0,NULL,0,0,NULL),('08438',8438,NULL,'3319050404760001','YAHYA MUHALIMIN',0,'KUDUS',NULL,0,NULL,'0',0,NULL,NULL,NULL,NULL,'TEMULUS GANG MAWAR II','KUDUS',NULL,NULL,NULL,NULL,'HOLO',NULL,'SLITTER SP-2','BL','MNDR','1350007510868',NULL,NULL,NULL,'1','andy',NULL,'192.168.17.39','andy',NULL,'fe80::2c78:65a8:66ba:d736%12',NULL,NULL,0,NULL,0,0,NULL),('89116',89116,NULL,NULL,'ADITYA YULIAR PRAKOSO',NULL,NULL,NULL,0,NULL,NULL,0,NULL,NULL,NULL,NULL,NULL,NULL,NULL,NULL,NULL,'CKP','HOLO',NULL,'OUT-CAKAP -2','OS',NULL,NULL,NULL,NULL,NULL,'1','hrholo2',NULL,'192.168.17.39','hrholo2',NULL,'192.168.17.39',NULL,NULL,0,NULL,0,0,NULL),('93742',93742,NULL,'3374132812910001','RIZALDI HABIBIE',NULL,'SEMARANG',NULL,0,NULL,NULL,0,'S1',NULL,NULL,NULL,'TAMAN SRI KUNCORO 1/3 \nSMG','SEMARANG',NULL,NULL,NULL,NULL,'HOLO',NULL,'IT','KT','MNDR','1350014534489',NULL,NULL,NULL,'1','hrholo2',NULL,'192.168.17.39','hrholo2',NULL,'192.168.17.39',NULL,NULL,1,NULL,0,1,'9'),('10616',10616,NULL,NULL,'SUTRIYONO',NULL,NULL,NULL,0,NULL,NULL,0,NULL,NULL,NULL,NULL,NULL,NULL,NULL,NULL,NULL,'CKP','HOLO',NULL,'OUT-CAKAP -1','OS',NULL,NULL,NULL,NULL,NULL,'1','lastri',NULL,'192.168.26.206','lastri',NULL,'192.168.26.206',NULL,NULL,0,NULL,0,0,NULL),('68816',68816,NULL,NULL,'ENNY ROCHMANIYAH',NULL,'Kudus',NULL,2,NULL,NULL,0,'SMK','Kimia',NULL,NULL,'Jati Kulon Rt 03/06 \nJati Kudus','Kudus',NULL,NULL,NULL,'CKP','HOLO',NULL,'OUT-CAKAP -2','OS',NULL,NULL,NULL,NULL,NULL,'1','hrholo2',NULL,'192.168.17.39','hrholo2',NULL,'192.168.17.39',NULL,NULL,0,NULL,1,0,NULL),('00017',17,NULL,NULL,'ARI INDRA CAHYA',NULL,NULL,NULL,0,NULL,NULL,0,NULL,NULL,NULL,NULL,NULL,NULL,NULL,NULL,NULL,NULL,'HOLO',NULL,'RAJANG','HL',NULL,NULL,NULL,NULL,NULL,'0','hrholo2',NULL,'192.168.17.39','hrholo2',NULL,'192.168.17.39',NULL,NULL,0,NULL,0,1,NULL),('00018',18,NULL,NULL,'SEPTYAN BP',NULL,NULL,NULL,0,NULL,NULL,0,NULL,NULL,NULL,NULL,NULL,NULL,NULL,NULL,NULL,NULL,'HOLO',NULL,'RAJANG','HL',NULL,NULL,NULL,NULL,NULL,'0','hrholo2',NULL,'192.168.17.39','hrholo2',NULL,'192.168.17.39',NULL,NULL,0,NULL,0,1,NULL),('00019',19,NULL,NULL,'IRAWAN SUSANTO',NULL,NULL,NULL,0,NULL,NULL,0,NULL,NULL,NULL,NULL,NULL,NULL,NULL,NULL,NULL,NULL,'HOLO',NULL,'RAJANG','HL',NULL,NULL,NULL,NULL,NULL,'0','hrholo2',NULL,'192.168.17.39','hrholo2',NULL,'192.168.17.39',NULL,NULL,0,NULL,0,0,NULL),('93887',93887,NULL,'3320095107920002','ANIES PRATIWI',NULL,'JEPARA',NULL,0,NULL,NULL,0,'S1',NULL,NULL,'710743717-516.000','KARAGAN \n13/4 TUNAHAN KELING ','JEPARA',NULL,NULL,NULL,NULL,'HOLO',NULL,'QC-2','KT','MNDR','1350014948796',NULL,NULL,NULL,'1','hrholo2',NULL,'192.168.17.39','hrholo2',NULL,'192.168.17.39',NULL,NULL,1,NULL,1,1,NULL),('89715',89715,'00389715','3319022503970001','RAGIL ADITIYA',NULL,NULL,NULL,0,NULL,NULL,0,'SMK',NULL,NULL,NULL,NULL,NULL,NULL,NULL,NULL,'CKP','HOLO',NULL,'OUT-CAKAP -2','OS',NULL,NULL,NULL,NULL,NULL,'0','hrholo2',NULL,'192.168.17.39','hrholo2',NULL,'192.168.17.39',NULL,NULL,0,NULL,0,1,NULL),('99816',99816,NULL,NULL,'ANDRI KURNIAWAN',NULL,'KUDUS',NULL,0,NULL,NULL,0,'SLTA',NULL,NULL,NULL,'REJOSARI  RT I/ V DAWE \n','KUDUS',NULL,NULL,NULL,'CKP','HOLO',NULL,'OUT-CAKAP -2','OS',NULL,NULL,NULL,NULL,NULL,'1','hrholo2',NULL,'192.168.17.39','hrholo2',NULL,'192.168.17.39',NULL,NULL,0,NULL,0,1,NULL),('73303',73303,NULL,NULL,'DINA DWI JAYANTI',NULL,'KUDUS',NULL,0,NULL,NULL,0,'SLTA',NULL,NULL,NULL,NULL,NULL,NULL,NULL,NULL,'KOP','HOLO',NULL,'OUT KOP-2','OS',NULL,NULL,NULL,NULL,NULL,'1','hrholo2',NULL,'192.168.17.39','hrholo2',NULL,'192.168.17.39',NULL,NULL,0,NULL,1,0,NULL),('79617',79617,'0079617',NULL,'DIDIK RUBIANTO',NULL,NULL,NULL,0,NULL,NULL,0,'SMK',NULL,NULL,NULL,NULL,NULL,NULL,NULL,NULL,'CKP','HOLO',NULL,'OUT-CAKAP -2','OS',NULL,NULL,NULL,NULL,NULL,'1','hrholo2',NULL,'192.168.17.39','hrholo2',NULL,'192.168.17.39',NULL,NULL,0,NULL,0,1,NULL),('89671',89671,NULL,NULL,'MOHAMAD SYAMSUL HADI',NULL,'KUDUS',NULL,0,NULL,NULL,0,'SMK',NULL,NULL,NULL,'PRAMBATAN LOR 5/3 ','KOTA',NULL,NULL,NULL,'CKP','HOLO',NULL,'OUT-CAKAP -2','OS',NULL,NULL,NULL,NULL,NULL,'0','hrholo2',NULL,'192.168.17.39','hrholo2',NULL,'192.168.17.39',NULL,NULL,0,NULL,0,1,NULL),('33998',33998,NULL,NULL,'DWI MARKUS JULIANTO',NULL,'KUDUS',NULL,0,NULL,NULL,0,NULL,NULL,NULL,NULL,NULL,NULL,NULL,NULL,NULL,'CKP','HOLO',NULL,'OUT-CAKAP -2','OS',NULL,NULL,NULL,NULL,NULL,'1','hrholo2',NULL,'192.168.17.39','hrholo2',NULL,'192.168.17.39',NULL,NULL,0,NULL,0,0,NULL),('93980',93980,NULL,NULL,'ERWIN HERMAWAN',NULL,'CILACAP',NULL,0,NULL,NULL,0,'S1',NULL,NULL,NULL,NULL,NULL,NULL,NULL,NULL,NULL,'HOLO',NULL,'SYSTEM','KT','MNDR','1350015239377',NULL,NULL,NULL,'1','hrholo2',NULL,'192.168.17.39','hrholo2',NULL,'192.168.17.39',NULL,NULL,1,NULL,0,0,NULL),('11932',93016,NULL,'3510020207920003','TRI WAHYU SANTOSO',NULL,'BANYUWANGI',NULL,0,NULL,NULL,0,NULL,NULL,NULL,NULL,'KEDUNGREJO','BANYUWANGI',NULL,NULL,NULL,NULL,'HOLO',NULL,'SYSTEM','BL','MNDR','9000024801558',NULL,NULL,NULL,'0','andy',NULL,'192.168.17.39','hrholo2',NULL,'192.168.17.39','MENINGGAL DUNIA',NULL,0,NULL,0,1,NULL),('93941',93941,NULL,NULL,'LINGGAR ARDI YUDHANTO',NULL,'KUDUS',NULL,0,NULL,NULL,0,'S1',NULL,NULL,NULL,'LORAM WETAN 2/3 JATI ','JATI',NULL,NULL,NULL,NULL,'HOLO',NULL,'TEKNISI SP-2','KT','MNDR','1350015133828',NULL,NULL,NULL,'1','hrholo2',NULL,'192.168.17.39','hrholo2',NULL,'192.168.17.39',NULL,NULL,1,NULL,0,0,NULL),('OS-018060',18060,NULL,'3319030608970005','MOHAMMAD ABDUL SHOLEH',NULL,NULL,NULL,0,NULL,NULL,0,NULL,NULL,NULL,NULL,'PASURUHAN LOR RT 01/12 JATI KUDUS',NULL,NULL,NULL,NULL,'CKP','HOLO',NULL,'OUT-CAKAP -1','OS',NULL,NULL,NULL,NULL,NULL,'1','andy',NULL,'192.168.26.206','beautiful',NULL,'192.168.26.206',NULL,NULL,0,NULL,0,0,NULL),('21498',21498,NULL,NULL,'SYAHRUL FIRMAN HIDAYAT',NULL,NULL,NULL,0,NULL,NULL,0,NULL,NULL,NULL,NULL,NULL,NULL,NULL,NULL,NULL,'CKP','HOLO',NULL,'OUT-CAKAP -1','OS',NULL,NULL,NULL,NULL,NULL,'1','beautiful',NULL,'192.168.26.206','beautiful',NULL,'192.168.26.206',NULL,NULL,0,NULL,0,0,NULL),('18717',18717,NULL,NULL,'FIRMAN KURNIAWAN SYAH',NULL,'KUDUS',NULL,0,NULL,NULL,0,'SMK',NULL,NULL,NULL,'GETAS PEJATEN',NULL,NULL,NULL,NULL,'CKP','HOLO',NULL,'OUT-CAKAP -2','OS',NULL,NULL,NULL,NULL,NULL,'1','hrholo2',NULL,'192.168.17.39','hrholo2',NULL,'192.168.17.39',NULL,NULL,0,NULL,0,1,NULL),('89617',89617,NULL,NULL,'MOHAMAD SYAMSUL HADI',NULL,'KUDUS',NULL,0,NULL,NULL,0,'SMK',NULL,NULL,NULL,'PRAMBATAN LOR 5/3 ','KOTA',NULL,NULL,NULL,'CKP','HOLO',NULL,'OUT-CAKAP -2','OS',NULL,NULL,NULL,NULL,NULL,'1','hrholo2',NULL,'192.168.17.39','hrholo2',NULL,'192.168.17.39',NULL,NULL,0,NULL,0,1,NULL),('59516',59516,NULL,'33190061812950001','ABDULLAH IBNU HASAN',NULL,NULL,NULL,0,NULL,NULL,0,'SMK',NULL,NULL,NULL,NULL,NULL,NULL,NULL,NULL,'CKP','HOLO',NULL,'OUT-CAKAP -2','OS',NULL,NULL,NULL,NULL,NULL,'1','hrholo2',NULL,'192.168.17.39','hrholo2',NULL,'192.168.17.39',NULL,NULL,0,NULL,0,1,NULL),('49816',49816,NULL,NULL,'RIKI BAGUS ADI SAPUTRO',NULL,NULL,NULL,0,NULL,NULL,0,NULL,NULL,NULL,NULL,NULL,NULL,NULL,NULL,NULL,'CKP','HOLO',NULL,'OUT-CAKAP -2','OS',NULL,NULL,NULL,NULL,NULL,'1','hrholo2',NULL,'192.168.17.39','hrholo2',NULL,'192.168.17.39',NULL,NULL,0,NULL,0,1,NULL),('79316',79316,NULL,NULL,'AKHMAD YUSUP',NULL,NULL,NULL,0,NULL,NULL,0,'SMK',NULL,NULL,NULL,NULL,NULL,NULL,NULL,NULL,'CKP','HOLO',NULL,'OUT-CAKAP -2','OS',NULL,NULL,NULL,NULL,NULL,'0','hrholo2',NULL,'192.168.17.39','hrholo2',NULL,'192.168.17.39',NULL,NULL,0,NULL,0,1,NULL),('00027',27,NULL,NULL,'SLAMET SUSANTO',NULL,NULL,NULL,0,NULL,NULL,0,NULL,NULL,NULL,NULL,NULL,NULL,NULL,NULL,NULL,NULL,'HOLO',NULL,'RAJANG','HL',NULL,NULL,NULL,NULL,NULL,'0','hrholo2',NULL,'192.168.17.39','hrholo2',NULL,'192.168.17.39',NULL,NULL,0,NULL,0,0,NULL),('89016',89016,NULL,'3319060204900002','AFAS RAMDAN',NULL,NULL,NULL,0,NULL,NULL,0,'SMK',NULL,NULL,NULL,NULL,NULL,NULL,NULL,NULL,'CKP','HOLO',NULL,'OUT-CAKAP -2','OS',NULL,NULL,NULL,NULL,NULL,'1','hrholo2',NULL,'192.168.17.39','hrholo2',NULL,'192.168.17.39',NULL,NULL,0,NULL,0,1,NULL),('93997',93997,NULL,NULL,'JUMADI',NULL,'SUKOHARJO',NULL,0,NULL,NULL,0,'S1',NULL,NULL,NULL,NULL,NULL,NULL,NULL,NULL,NULL,'HOLO',NULL,'GUDANG SP-2','KT','MNDR','1380014138809',NULL,NULL,NULL,'1','hrholo2',NULL,'192.168.17.39','hrholo2',NULL,'192.168.17.39',NULL,NULL,1,NULL,0,1,NULL),('79117',79117,NULL,'3319094507910002','YULIS DIANA SARI',NULL,'KUDUS',NULL,0,NULL,NULL,0,'S1',NULL,NULL,NULL,NULL,NULL,NULL,NULL,NULL,'CKP','HOLO',NULL,'OUT-CAKAP -2','OS',NULL,NULL,NULL,NULL,NULL,'1','hrholo2',NULL,'192.168.17.39','hrholo2',NULL,'192.168.17.39',NULL,NULL,0,NULL,1,0,NULL),('49717',49717,NULL,'3319031707970001','MUHAMAD BAGUS DWI KURNIA',NULL,'KUDUS',NULL,0,NULL,NULL,0,'SMK',NULL,NULL,NULL,NULL,NULL,NULL,NULL,NULL,'CKP','HOLO',NULL,'OUT-CAKAP -2','OS',NULL,NULL,NULL,NULL,NULL,'1','hrholo2',NULL,'192.168.17.39','hrholo2',NULL,'192.168.17.39',NULL,NULL,0,NULL,0,1,NULL),('00023',23,NULL,NULL,'BAMBANG SURONDO',NULL,NULL,NULL,0,NULL,NULL,0,NULL,NULL,NULL,NULL,NULL,NULL,NULL,NULL,NULL,NULL,'HOLO',NULL,'RAJANG','HL',NULL,NULL,NULL,NULL,NULL,'0','hrholo2',NULL,'192.168.17.39','hrholo2',NULL,'192.168.17.39',NULL,NULL,0,NULL,0,0,NULL),('00025',25,NULL,NULL,'SUNARDI',NULL,NULL,NULL,0,NULL,NULL,0,NULL,NULL,NULL,NULL,NULL,NULL,NULL,NULL,NULL,NULL,'HOLO',NULL,NULL,'HL',NULL,NULL,NULL,NULL,NULL,'1','hrholo2',NULL,'192.168.17.39','hrholo2',NULL,'192.168.17.39',NULL,NULL,0,NULL,0,0,NULL),('00026',26,NULL,NULL,'SUNARDI',NULL,NULL,NULL,0,NULL,NULL,0,NULL,NULL,NULL,NULL,NULL,NULL,NULL,NULL,NULL,NULL,'HOLO',NULL,'RAJANG','HL',NULL,NULL,NULL,NULL,NULL,'0','hrholo2',NULL,'192.168.17.39','hrholo2',NULL,'192.168.17.39',NULL,NULL,0,NULL,0,0,NULL),('67991',67991,NULL,'3319061611990002','RIFKI OVTA PIANUS',NULL,'KUDUS',NULL,0,NULL,NULL,0,'SMK',NULL,NULL,NULL,'BULUNG KULON RT04/01 ','KUDUS',NULL,NULL,NULL,'CKP','HOLO',NULL,'OUT-CAKAP -2','OS',NULL,NULL,NULL,NULL,NULL,'1','hrholo2',NULL,'192.168.17.39','hrholo2',NULL,'192.168.17.39',NULL,NULL,0,NULL,0,1,NULL),('27961',27961,NULL,'332192002960002','MUCHAMMAD CHOERUL NIZAM \nRIYADI',NULL,'DEMAK',NULL,0,NULL,NULL,0,'SMA',NULL,NULL,NULL,'WONOREJO 3/3 \nKARANGANJAR','DEMAK',NULL,NULL,NULL,'CKP','HOLO',NULL,'OUT-CAKAP -2','OS',NULL,NULL,NULL,NULL,NULL,'1','hrholo2',NULL,'192.168.17.39','hrholo2',NULL,'192.168.17.39',NULL,NULL,0,NULL,0,0,NULL),('1',NULL,NULL,NULL,'programmer',NULL,NULL,NULL,NULL,NULL,NULL,NULL,NULL,NULL,NULL,NULL,NULL,NULL,NULL,NULL,NULL,NULL,NULL,NULL,NULL,NULL,NULL,NULL,NULL,NULL,NULL,NULL,NULL,NULL,NULL,NULL,NULL,NULL,NULL,NULL,NULL,NULL,NULL,NULL,'1'),('2',NULL,NULL,NULL,'admin reward',NULL,NULL,NULL,NULL,NULL,NULL,NULL,NULL,NULL,NULL,NULL,NULL,NULL,NULL,NULL,NULL,NULL,NULL,NULL,NULL,NULL,NULL,NULL,NULL,NULL,NULL,NULL,NULL,NULL,NULL,NULL,NULL,NULL,NULL,NULL,NULL,NULL,NULL,NULL,'4');

/*Table structure for table `kategori` */

DROP TABLE IF EXISTS `kategori`;

CREATE TABLE `kategori` (
  `id_kategori` int(11) NOT NULL AUTO_INCREMENT,
  `nama_kategori` varchar(50) DEFAULT NULL,
  `status` enum('AKTIF','NON AKTIF') DEFAULT NULL,
  PRIMARY KEY (`id_kategori`)
) ENGINE=MyISAM AUTO_INCREMENT=7 DEFAULT CHARSET=latin1;

/*Data for the table `kategori` */

insert  into `kategori`(`id_kategori`,`nama_kategori`,`status`) values (1,'5R','AKTIF'),(2,'SMK3','AKTIF'),(3,'SMP','NON AKTIF'),(4,'KEDISIPLINAN','AKTIF'),(5,'KETERLAMBATAN','NON AKTIF'),(6,'EVALUASI DAN PENCAPAIAN SASARAN MUTU','AKTIF');

/*Table structure for table `lean` */

DROP TABLE IF EXISTS `lean`;

CREATE TABLE `lean` (
  `id_lean` int(11) NOT NULL AUTO_INCREMENT,
  `judul` varchar(100) DEFAULT NULL,
  `tanggal_pengajuan` date DEFAULT NULL,
  `nominal_reward` bigint(20) DEFAULT NULL,
  `tanggal_penyerahan_reward` date DEFAULT NULL,
  `nik` varchar(20) DEFAULT NULL,
  `nik_admin` varchar(20) DEFAULT NULL,
  `level_reward` enum('PENGAJUAN','DIPERTIMBANGKAN','MENJADI PROGRAM','TEREALISASI') DEFAULT NULL,
  KEY `id_lean` (`id_lean`)
) ENGINE=MyISAM AUTO_INCREMENT=6 DEFAULT CHARSET=latin1;

/*Data for the table `lean` */

insert  into `lean`(`id_lean`,`judul`,`tanggal_pengajuan`,`nominal_reward`,`tanggal_penyerahan_reward`,`nik`,`nik_admin`,`level_reward`) values (1,'Pengguna','2017-08-01',NULL,'2017-08-09','00001','2','DIPERTIMBANGKAN'),(2,'Penghematan Barang','2017-08-29',NULL,'2017-08-17','00006','2','MENJADI PROGRAM'),(3,'Penggunaan ','2017-08-16',NULL,'2017-08-22','93742','2','MENJADI PROGRAM'),(5,'Efisiensi','2017-08-14',NULL,'2017-08-22','93742','2','TEREALISASI');

/*Table structure for table `sub_kategori` */

DROP TABLE IF EXISTS `sub_kategori`;

CREATE TABLE `sub_kategori` (
  `id_sub_kategori` int(11) NOT NULL AUTO_INCREMENT,
  `id_kategori` int(11) DEFAULT NULL,
  `nama_sub_kategori` varchar(100) DEFAULT NULL,
  `status` enum('AKTIF','NON AKTIF') DEFAULT NULL,
  PRIMARY KEY (`id_sub_kategori`)
) ENGINE=MyISAM AUTO_INCREMENT=3 DEFAULT CHARSET=latin1;

/*Data for the table `sub_kategori` */

insert  into `sub_kategori`(`id_sub_kategori`,`id_kategori`,`nama_sub_kategori`,`status`) values (1,3,'retretretet','NON AKTIF'),(2,NULL,'sdfsdfsf','AKTIF');

/*!40101 SET SQL_MODE=@OLD_SQL_MODE */;
/*!40014 SET FOREIGN_KEY_CHECKS=@OLD_FOREIGN_KEY_CHECKS */;
